 seccionId,nombre,categoriaId,indice, distritoId, seccionProvincialId, municipioId,circuitoId,electores2025,votantes2025,electores2023,votantes2023
2,Alberti,5,604,2,4,62,10,8023,6483,8038,6495
2,Alberti,5,615,2,4,1994,11,588,455,547,423
2,Alberti,5,616,2,4,2279,12,255,205,254,204
2,Alberti,5,623,2,4,786,13,196,177,195,176
2,Alberti,5,632,2,4,783,14,617,513,639,531
2,Alberti,5,639,2,4,29,15,119,99,122,102
5,Ayacucho,5,837,2,5,217,46,18180,13963,18165,13951
5,Ayacucho,5,838,2,5,823,50,50,26,79,41
5,Ayacucho,5,839,2,5,2764,52,75,63,75,63
5,Ayacucho,5,850,2,5,217,54,33,24,0,0
5,Ayacucho,5,861,2,5,1653,55,93,63,107,72
5,Ayacucho,5,882,2,5,821,57,17,5,22,7
6,Azul,5,889,2,7,222,60,52830,40681,52473,40406
6,Azul,5,894,2,7,1509,61,79,58,79,58
6,Azul,5,900,2,7,582,62,2905,1921,2925,1934
6,Azul,5,910,2,7,832,63,19,7,25,9
6,Azul,5,922,2,7,822,65,23,16,32,22
6,Azul,5,933,2,7,825,66,72,51,108,77
6,Azul,5,952,2,7,367,67,3283,2172,3297,2181
6,Azul,5,908,2,7,4,0062A,98,65,109,72
6,Azul,5,909,2,7,2154,0062B,90,61,101,68
8,Balcarce,5,1133,2,5,246,98,39111,29874,39642,30280
8,Balcarce,5,1143,2,5,2547,99,601,436,614,445
8,Balcarce,5,605,2,5,826,100,270,179,280,186
8,Balcarce,5,610,2,5,1848,101,491,301,490,300
8,Balcarce,5,611,2,5,677,102,107,60,118,66
8,Balcarce,5,612,2,5,2429,103,119,83,128,89
8,Balcarce,5,614,2,5,246,104,263,191,262,190
8,Balcarce,5,613,2,5,2082,0103A,284,222,296,231
13,Bolivar,5,617,2,7,332,125,27043,21559,27251,21725
13,Bolivar,5,619,2,7,1004,126,37,23,40,25
13,Bolivar,5,620,2,7,1303,127,225,176,230,180
13,Bolivar,5,621,2,7,3140,128,48,30,53,33
13,Bolivar,5,622,2,7,1971,129,44,30,52,35
13,Bolivar,5,624,2,7,1443,131,35,25,40,29
13,Bolivar,5,626,2,7,2912,132,2498,1948,2530,1973
13,Bolivar,5,627,2,7,2277,133,1354,1084,1374,1100
13,Bolivar,5,618,2,7,2194,0125A,37,26,37,26
13,Bolivar,5,625,2,7,2229,0131A,43,28,54,35
14,Bragado,5,628,2,4,343,136,32597,24992,32655,25036
14,Bragado,5,629,2,4,1994,137,1049,850,1056,856
14,Bragado,5,630,2,4,1548,138,121,97,123,99
14,Bragado,5,631,2,4,200,139,16,8,18,9
14,Bragado,5,633,2,4,752,140,586,486,608,504
14,Bragado,5,634,2,4,2131,141,218,178,220,180
14,Bragado,5,635,2,4,1988,142,64,50,72,56
14,Bragado,5,636,2,4,1197,143,2212,1647,2214,1648
14,Bragado,5,637,2,4,3181,144,388,305,399,314
14,Bragado,5,638,2,4,1389,145,352,281,362,289
16,Campana,5,640,2,1,393,155,20481,16191,20272,16026
16,Campana,5,642,2,1,393,156,18136,13127,17527,12686
16,Campana,5,641,2,1,393,0155A,17501,12864,20511,15077
16,Campana,5,643,2,1,104,0156A,20061,15930,19191,15239
16,Campana,5,644,2,1,393,0156B,12564,9821,12272,9593
19,Carlos Casares,5,645,2,4,461,164,18033,14093,18158,14191
19,Carlos Casares,5,647,2,4,2760,165,575,463,591,476
19,Carlos Casares,5,650,2,4,2147,166,182,143,186,146
19,Carlos Casares,5,652,2,4,305,167,500,417,506,422
19,Carlos Casares,5,646,2,4,1518,0164A,33,20,35,21
19,Carlos Casares,5,648,2,4,1986,0165A,80,62,90,70
19,Carlos Casares,5,649,2,4,2032,0165B,464,360,474,368
19,Carlos Casares,5,651,2,4,1323,0166A,121,81,136,91
19,Carlos Casares,5,653,2,4,371,0167A,234,164,247,173
20,Carlos Tejedor,5,654,2,4,467,169,5418,4605,5513,4686
20,Carlos Tejedor,5,655,2,4,2841,170,506,416,512,421
20,Carlos Tejedor,5,656,2,4,844,171,401,358,427,381
20,Carlos Tejedor,5,657,2,4,733,172,609,519,638,544
20,Carlos Tejedor,5,658,2,4,2875,173,3176,2725,3170,2720
23,Castelli,5,659,2,5,496,185,7795,6051,7939,6163
23,Castelli,5,660,2,5,527,187,148,116,154,121
29,Chacabuco,5,661,2,4,535,189,39651,32184,40393,32786
29,Chacabuco,5,662,2,4,2125,190,1226,991,1238,1001
29,Chacabuco,5,663,2,4,535,191,44,34,73,56
29,Chacabuco,5,664,2,4,818,193,67,50,135,101
29,Chacabuco,5,665,2,4,829,195,36,25,92,64
29,Chacabuco,5,667,2,4,2437,197,1802,1484,1825,1503
29,Chacabuco,5,668,2,4,497,198,584,474,579,470
29,Chacabuco,5,666,2,4,1377,0196A,61,53,67,58
30,Chascomus,5,669,2,5,567,201,32343,25102,32354,25111
30,Chascomus,5,670,2,5,567,202,324,260,1073,862
30,Chascomus,5,671,2,5,567,203,2564,1613,1817,1143
30,Chascomus,5,672,2,5,1173,204,96,70,101,74
30,Chascomus,5,673,2,5,567,205,42,29,143,99
30,Chascomus,5,675,2,5,2202,209,484,395,448,366
31,Chivilcoy,5,676,2,4,588,211,57186,45250,58052,45935
31,Chivilcoy,5,677,2,4,818,212,119,90,141,107
31,Chivilcoy,5,678,2,4,2162,215,98,75,124,95
31,Chivilcoy,5,679,2,4,1058,216,112,82,117,86
31,Chivilcoy,5,680,2,4,1252,218,385,300,404,315
31,Chivilcoy,5,681,2,4,831,219,70,42,75,45
31,Chivilcoy,5,682,2,4,1600,220,153,0,156,0
31,Chivilcoy,5,683,2,4,819,221,152,111,166,121
31,Chivilcoy,5,684,2,4,2062,222,2332,1886,2341,1893
31,Chivilcoy,5,685,2,4,2423,224,250,0,255,0
31,Chivilcoy,5,686,2,4,1358,226,36,17,44,21
33,Dolores,5,687,2,5,883,282,25521,20854,25633,20946
33,Dolores,5,688,2,5,2744,285,167,138,171,141
35,Escobar,5,1038,2,1,297,773,32736,24370,33963,25283
35,Escobar,5,1041,2,1,297,774,57883,42810,61787,45697
35,Escobar,5,1042,2,1,1370,775,17773,13856,18461,14392
35,Escobar,5,1039,2,1,1177,0773A,71126,53391,72440,54377
35,Escobar,5,1040,2,1,1071,0773B,24854,18872,23921,18164
39,General Alvarado,5,689,2,5,2024,305,31238,23432,30640,22983
39,General Alvarado,5,690,2,5,754,306,6524,5231,6554,5255
39,General Alvarado,5,691,2,5,1995,307,1479,1177,1475,1174
39,General Alvarado,5,692,2,5,1949,308,829,444,755,404
39,General Alvarado,5,693,2,5,1479,309,64,43,71,48
40,General Alvear,5,694,2,7,1188,310,8810,6927,8885,6986
40,General Alvear,5,695,2,7,828,311,75,49,80,52
40,General Alvear,5,696,2,7,828,312,101,72,103,73
41,General Arenales,5,697,2,4,1189,314,5324,4039,5486,4162
41,General Arenales,5,698,2,4,1087,315,168,110,166,109
41,General Arenales,5,699,2,4,201,316,4458,3532,4476,3546
41,General Arenales,5,701,2,4,1121,317,2162,1777,2148,1765
41,General Arenales,5,702,2,4,181,318,2860,2230,2882,2247
41,General Arenales,5,700,2,4,1475,0316A,311,258,323,268
42,General Belgrano,5,703,2,5,1191,320,16604,13012,16666,13061
42,General Belgrano,5,704,2,5,566,322,111,81,118,86
42,General Belgrano,5,705,2,5,1250,324,280,207,294,217
43,General Guido,5,706,2,5,1202,326,1821,1432,1890,1486
43,General Guido,5,707,2,5,1624,327,1142,979,1068,916
45,General Las Heras,5,857,2,1,1206,547,12732,10219,12831,10298
45,General Las Heras,5,858,2,1,3165,548,1454,1239,1376,1173
45,General Las Heras,5,859,2,1,2287,0548A,313,258,314,259
46,General Lavalle,5,714,2,5,1207,338,3017,2019,3291,2202
46,General Lavalle,5,715,2,5,2230,0338A,1775,1408,1601,1270
46,General Lavalle,5,716,2,5,542,0338B,616,493,545,436
47,General Juan Madariaga,5,721,2,5,1203,340,19951,14790,19760,14648
47,General Juan Madariaga,5,722,2,5,615,341,27,12,35,16
47,General Juan Madariaga,5,723,2,5,2193,343,76,39,103,53
48,General Paz,5,725,2,5,2432,345,9550,7373,9736,7517
48,General Paz,5,726,2,5,2432,346,63,47,0,0
48,General Paz,5,727,2,5,3162,348,868,712,868,712
48,General Paz,5,728,2,5,616,349,53,40,59,45
48,General Paz,5,729,2,5,829,350,37,23,42,26
48,General Paz,5,730,2,5,1767,351,1145,953,1075,895
48,General Paz,5,731,2,5,75,352,118,99,126,106
49,General Pinto,5,732,2,4,1214,354,7025,5840,7065,5873
49,General Pinto,5,733,2,4,1224,357,1376,1166,1385,1174
49,General Pinto,5,734,2,4,1366,358,58,37,65,42
49,General Pinto,5,735,2,4,779,359,1124,919,1088,890
49,General Pinto,5,736,2,4,1391,360,712,601,702,593
50,General Pueyrredon,5,740,2,5,1948,364,7556,5424,7359,5283
50,General Pueyrredon,5,746,2,5,1948,365,22468,16778,22481,16788
50,General Pueyrredon,5,753,2,5,1948,366,83989,58693,87274,60989
50,General Pueyrredon,5,755,2,5,1948,367,69899,50072,73759,52837
50,General Pueyrredon,5,756,2,5,389,368,11234,8245,10648,7815
50,General Pueyrredon,5,760,2,5,1948,369,8365,5947,8930,6349
50,General Pueyrredon,5,761,2,5,336,370,22976,16769,21407,15624
50,General Pueyrredon,5,741,2,5,1948,0364A,22795,16283,24038,17171
50,General Pueyrredon,5,742,2,5,1948,0364B,15787,11457,16680,12105
50,General Pueyrredon,5,743,2,5,1948,0364C,17184,13432,16902,13212
50,General Pueyrredon,5,744,2,5,1948,0364D,39895,28668,42391,30462
50,General Pueyrredon,5,745,2,5,1948,0364E,29549,21497,29137,21197
50,General Pueyrredon,5,747,2,5,1948,0365A,20930,14308,22176,15160
50,General Pueyrredon,5,748,2,5,1948,0365B,9843,7562,9427,7242
50,General Pueyrredon,5,749,2,5,1948,0365C,21753,16147,21831,16205
50,General Pueyrredon,5,750,2,5,1948,0365D,17334,13348,17251,13284
50,General Pueyrredon,5,751,2,5,1948,0365E,16949,12245,17994,13000
50,General Pueyrredon,5,752,2,5,1948,0365F,16867,13130,16663,12971
50,General Pueyrredon,5,754,2,5,1948,0366A,56223,40809,58022,42115
50,General Pueyrredon,5,757,2,5,389,0368A,3019,2116,3145,2204
50,General Pueyrredon,5,758,2,5,389,0368B,6588,5035,6343,4848
50,General Pueyrredon,5,759,2,5,681,0368C,67,47,73,51
50,General Pueyrredon,5,762,2,5,1781,0370A,7927,6008,7223,5474
50,General Pueyrredon,5,763,2,5,1948,0370B,1279,779,1473,897
50,General Pueyrredon,5,764,2,5,557,0370C,1453,980,1441,972
50,General Pueyrredon,5,765,2,5,980,0370D,1719,1228,1575,1125
50,General Pueyrredon,5,766,2,5,1948,0370E,6997,4357,7544,4698
50,General Pueyrredon,5,767,2,5,1665,0370F,21915,15486,22411,15836
50,General Pueyrredon,5,768,2,5,289,0370G,13053,9246,13258,9391
51,General Rodriguez,5,769,2,1,1218,374,99080,70469,103874,73879
52,General San Martin,5,770,2,1,625,376,31871,19195,37695,22703
52,General San Martin,5,771,2,1,2977,377,32995,25643,35933,27926
52,General San Martin,5,773,2,1,3088,378,29455,20377,33304,23040
52,General San Martin,5,774,2,1,625,379,26653,18736,26906,18914
52,General San Martin,5,775,2,1,1220,380,20881,14357,20117,13832
52,General San Martin,5,776,2,1,1220,381,56251,35112,64010,39955
52,General San Martin,5,777,2,1,1220,382,22895,18462,8134,6559
52,General San Martin,5,778,2,1,625,384,16045,11642,18883,13701
52,General San Martin,5,772,2,1,1220,0377A,55988,37276,65229,43428
52,General San Martin,5,779,2,1,325,0388A,32830,23405,80059,57075
52,General San Martin,5,780,2,1,627,0388B,35232,25117,80059,57075
52,General San Martin,5,781,2,1,281,0388C,17380,12390,80059,57075
53,San Miguel,5,790,2,1,2637,397,54269,38441,62215,44070
53,San Miguel,5,805,2,1,2074,400,27487,21188,27607,21280
53,San Miguel,5,806,2,1,398,401,1456,1062,919,670
53,San Miguel,5,808,2,1,304,402,31853,24825,30205,23541
53,San Miguel,5,791,2,1,2637,0397A,24579,19469,23982,18996
53,San Miguel,5,792,2,1,2686,0397B,39573,31342,38123,30194
53,San Miguel,5,793,2,1,2686,0397C,35754,28267,34449,27235
53,San Miguel,5,807,2,1,304,0401A,35996,25579,42663,30317
54,General Viamonte,5,809,2,4,1870,404,13358,10907,13436,10971
54,General Viamonte,5,810,2,4,825,405,178,122,186,128
54,General Viamonte,5,811,2,4,2576,406,237,180,235,178
54,General Viamonte,5,812,2,4,1515,407,75,58,90,70
54,General Viamonte,5,813,2,4,239,408,1684,1374,1688,1377
54,General Viamonte,5,814,2,4,3205,409,322,260,331,267
55,General Villegas,5,815,2,4,1222,411,18037,13706,17972,13657
55,General Villegas,5,816,2,4,1051,412,69,47,66,45
55,General Villegas,5,817,2,4,263,413,1061,859,1058,857
55,General Villegas,5,818,2,4,3144,414,210,161,221,169
55,General Villegas,5,819,2,4,1060,415,1854,1394,1828,1374
55,General Villegas,5,820,2,4,2256,416,2078,1578,2063,1567
55,General Villegas,5,821,2,4,2676,417,265,181,282,193
55,General Villegas,5,822,2,4,776,418,1125,885,1131,890
55,General Villegas,5,823,2,4,2691,419,389,281,400,289
55,General Villegas,5,824,2,4,434,420,577,461,622,497
55,General Villegas,5,825,2,4,3128,421,201,168,204,170
58,Hipolito Yrigoyen,5,1013,2,4,1307,742,8168,6245,8228,6291
58,Hipolito Yrigoyen,5,1014,2,4,1314,0742B,103,86,106,89
60,Junin,5,826,2,4,1456,444,70063,53826,71006,54550
60,Junin,5,827,2,4,825,445,4864,3814,4404,3453
60,Junin,5,828,2,4,1456,446,3176,2441,2879,2213
60,Junin,5,829,2,4,522,447,1949,1565,1751,1406
60,Junin,5,830,2,4,727,449,43,30,51,35
60,Junin,5,831,2,4,2067,450,880,724,874,719
60,Junin,5,832,2,4,54,451,1003,801,994,794
60,Junin,5,833,2,4,55,452,414,345,420,350
60,Junin,5,834,2,4,819,453,28,22,35,28
60,Junin,5,835,2,4,1659,454,101,70,107,74
60,Junin,5,836,2,4,1147,456,264,199,277,209
65,Las Flores,5,848,2,5,1688,538,21962,17044,21984,17061
65,Las Flores,5,849,2,5,2285,539,86,0,91,0
65,Las Flores,5,851,2,5,2509,540,96,59,101,62
65,Las Flores,5,852,2,5,2956,541,42,31,49,36
65,Las Flores,5,853,2,5,1044,542,51,40,54,42
65,Las Flores,5,854,2,5,2196,543,235,170,249,180
65,Las Flores,5,855,2,5,893,544,29,17,37,22
65,Las Flores,5,856,2,5,1042,545,87,63,96,70
66,Leandro N. Alem,5,860,2,4,2935,549,8990,7310,8960,7286
66,Leandro N. Alem,5,862,2,4,1139,550,81,60,97,72
66,Leandro N. Alem,5,863,2,4,1524,551,2369,1915,2358,1906
66,Leandro N. Alem,5,864,2,4,1439,552,3506,2882,3507,2883
66,Leandro N. Alem,5,865,2,4,956,553,307,260,314,266
67,Lincoln,5,866,2,4,1753,554,28165,21868,28221,21911
67,Lincoln,5,867,2,4,826,556,81,58,80,57
67,Lincoln,5,868,2,4,827,557,82,58,80,57
67,Lincoln,5,869,2,4,828,558,55,39,60,43
67,Lincoln,5,870,2,4,292,559,601,500,606,504
67,Lincoln,5,871,2,4,171,561,1555,1145,1527,1124
67,Lincoln,5,872,2,4,2491,562,2872,2265,2930,2311
67,Lincoln,5,873,2,4,1043,563,1631,1280,1648,1293
67,Lincoln,5,874,2,4,781,564,1025,553,1040,561
67,Lincoln,5,875,2,4,465,565,173,128,190,141
67,Lincoln,5,876,2,4,2224,566,1849,1478,1853,1481
67,Lincoln,5,877,2,4,2890,567,84,58,83,57
67,Lincoln,5,878,2,4,1730,0567A,413,323,421,329
68,Loberia,5,879,2,5,1758,568,12804,9899,12890,9965
68,Loberia,5,881,2,5,826,569,60,38,64,40
68,Loberia,5,883,2,5,2257,570,69,44,79,50
68,Loberia,5,884,2,5,2627,572,1509,1152,1576,1203
68,Loberia,5,880,2,5,2809,0568A,413,161,413,161
71,Lujan,5,885,2,1,1894,596,73536,55811,73854,56052
71,Lujan,5,886,2,1,827,597,1057,873,752,621
71,Lujan,5,887,2,1,1431,598,3931,2811,4260,3046
71,Lujan,5,888,2,1,797,599,7769,6001,7492,5787
71,Lujan,5,890,2,1,2857,600,2333,1637,2331,1636
71,Lujan,5,891,2,1,462,601,1013,792,947,740
71,Lujan,5,892,2,1,1894,602,6063,4040,6148,4097
71,Lujan,5,893,2,1,2136,603,2284,1407,2194,1352
73,Maipu,5,895,2,5,1911,615,9558,7977,9651,8055
73,Maipu,5,896,2,5,1666,616,512,412,514,414
73,Maipu,5,897,2,5,2707,617,124,103,134,111
73,Maipu,5,898,2,5,2737,0617A,18,10,26,15
74,Mar Chiquita,5,899,2,5,788,619,9021,6997,8969,6957
74,Mar Chiquita,5,901,2,5,1215,620,2949,2320,2954,2324
74,Mar Chiquita,5,902,2,5,3177,621,87,55,121,77
74,Mar Chiquita,5,903,2,5,3177,622,1960,1367,1959,1366
74,Mar Chiquita,5,904,2,5,390,0622A,15852,11414,15426,11107
74,Mar Chiquita,5,905,2,5,1947,0622B,3161,2412,2966,2263
75,Marcos Paz,5,906,2,1,825,624,50037,38187,51162,39046
75,Marcos Paz,5,907,2,1,826,0624A,623,412,514,340
76,Mercedes,5,911,2,1,2009,638,24635,19557,25418,20179
76,Mercedes,5,912,2,1,2009,639,7535,6054,7431,5970
76,Mercedes,5,913,2,1,2009,640,9919,7882,9715,7720
76,Mercedes,5,914,2,1,2009,641,2719,2160,2676,2126
76,Mercedes,5,915,2,1,2009,642,9927,8198,9664,7981
76,Mercedes,5,916,2,1,1253,643,2677,2143,2541,2034
76,Mercedes,5,917,2,1,2853,644,805,587,816,595
76,Mercedes,5,918,2,1,822,645,185,123,176,117
76,Mercedes,5,919,2,1,2600,646,266,197,269,199
76,Mercedes,5,920,2,1,820,647,128,99,124,96
76,Mercedes,5,921,2,1,1244,648,191,154,209,168
77,Merlo,5,923,2,1,2010,652,61150,41739,73028,49846
77,Merlo,5,925,2,1,1748,653,67842,47889,73052,51567
77,Merlo,5,926,2,1,2010,654,37028,26724,38875,28057
77,Merlo,5,927,2,1,1748,655,53617,41276,54681,42095
77,Merlo,5,924,2,1,1748,0652A,152134,109913,150052,108409
77,Merlo,5,928,2,1,1967,0655A,62779,44255,65379,46088
78,Monte,5,929,2,5,2640,656,19256,14535,19514,14730
78,Monte,5,930,2,5,3209,657,316,238,329,248
78,Monte,5,931,2,5,826,658,148,108,152,111
78,Monte,5,932,2,5,2640,659,36,29,44,35
78,Monte,5,934,2,5,1022,660,228,152,227,151
78,Monte,5,935,2,5,16,661,749,603,726,584
79,Moreno,5,936,2,1,2064,663,42187,25362,61401,36913
79,Moreno,5,941,2,1,1152,664,28362,20441,29643,21364
79,Moreno,5,937,2,1,2064,0663A,51759,37753,55308,40342
79,Moreno,5,938,2,1,2064,0663B,60288,43613,59210,42833
79,Moreno,5,939,2,1,2064,0663C,88480,64621,92962,67894
79,Moreno,5,940,2,1,833,0663D,35598,23690,41589,27677
79,Moreno,5,942,2,1,1598,0664A,31882,23296,33163,24232
79,Moreno,5,943,2,1,1598,0664B,33753,24890,32337,23846
80,Moron,5,944,2,1,2065,665,106255,78134,111781,82197
80,Moron,5,951,2,1,1302,669,35939,27324,37581,28572
80,Moron,5,953,2,1,2065,670,11902,9103,12621,9653
80,Moron,5,954,2,1,994,671,46055,34549,48490,36376
80,Moron,5,955,2,1,494,672,36129,28114,36211,28178
80,Moron,5,956,2,1,494,673,43617,32347,47058,34899
81,Navarro,5,957,2,1,2087,675,13891,11322,13759,11214
81,Navarro,5,958,2,1,613,676,214,148,238,165
81,Navarro,5,959,2,1,825,677,133,94,127,90
81,Navarro,5,960,2,1,134,678,164,118,178,128
81,Navarro,5,961,2,1,1380,679,82,53,90,58
81,Navarro,5,962,2,1,1484,680,119,87,123,90
81,Navarro,5,963,2,1,1705,681,611,451,632,467
81,Navarro,5,965,2,1,830,682,75,55,77,56
81,Navarro,5,966,2,1,3096,683,442,393,468,416
81,Navarro,5,964,2,1,1428,0681A,215,139,200,129
82,Necochea,5,967,2,5,2089,686,65460,47963,66377,48635
82,Necochea,5,969,2,5,1519,687,1919,1434,1945,1453
82,Necochea,5,970,2,5,2426,688,518,306,550,325
82,Necochea,5,971,2,5,1449,691,2652,1987,2656,1990
82,Necochea,5,972,2,5,631,692,536,353,576,379
82,Necochea,5,968,2,5,2089,0686A,16165,11141,16299,11233
83,Nueve De Julio,5,973,2,4,2111,696,35568,27804,35575,27809
83,Nueve De Julio,5,974,2,4,1952,697,127,80,131,83
83,Nueve De Julio,5,975,2,4,2228,698,777,627,753,608
83,Nueve De Julio,5,976,2,4,1933,699,731,578,762,602
83,Nueve De Julio,5,977,2,4,1477,700,515,351,516,352
83,Nueve De Julio,5,978,2,4,463,701,494,369,503,376
83,Nueve De Julio,5,979,2,4,81,703,1752,1105,1757,1108
83,Nueve De Julio,5,980,2,4,1114,704,59,50,57,48
83,Nueve De Julio,5,981,2,4,2102,705,48,37,50,39
83,Nueve De Julio,5,983,2,4,895,706,2310,1816,2312,1818
83,Nueve De Julio,5,984,2,4,2063,707,341,273,352,282
83,Nueve De Julio,5,985,2,4,2712,708,38,32,45,38
83,Nueve De Julio,5,986,2,4,2,709,267,205,271,208
83,Nueve De Julio,5,982,2,4,1007,0705A,575,458,529,421
84,Olavarria,5,987,2,7,2132,711,12480,9338,12528,9374
84,Olavarria,5,993,2,7,827,712,171,115,225,151
84,Olavarria,5,994,2,7,830,714,1334,923,1159,802
84,Olavarria,5,995,2,7,1317,715,3680,2865,3640,2834
84,Olavarria,5,996,2,7,2745,716,2390,1800,2357,1775
84,Olavarria,5,997,2,7,2752,717,3414,2725,3414,2725
84,Olavarria,5,998,2,7,729,718,530,429,546,442
84,Olavarria,5,1000,2,7,2132,719,3318,2543,3438,2635
84,Olavarria,5,1001,2,7,2684,720,126,85,120,81
84,Olavarria,5,1002,2,7,2440,723,281,177,287,181
84,Olavarria,5,1004,2,7,1076,725,482,309,508,326
84,Olavarria,5,988,2,7,2132,0711A,7662,6008,7589,5951
84,Olavarria,5,989,2,7,2132,0711B,9937,7090,11144,7951
84,Olavarria,5,990,2,7,2132,0711C,15591,12047,15441,11931
84,Olavarria,5,991,2,7,2132,0711D,20868,16347,20607,16143
84,Olavarria,5,992,2,7,2132,0711E,16982,13231,16601,12934
84,Olavarria,5,999,2,7,717,0718A,33,21,31,20
84,Olavarria,5,1003,2,7,326,0723A,94,45,105,50
85,Pehuajo,5,1005,2,4,2237,734,30673,24236,30385,24008
85,Pehuajo,5,1007,2,4,2107,735,242,206,248,211
85,Pehuajo,5,1008,2,4,1907,736,227,179,233,184
85,Pehuajo,5,1009,2,4,1154,738,1400,1130,1417,1144
85,Pehuajo,5,1010,2,4,1446,739,1864,1484,1868,1487
85,Pehuajo,5,1011,2,4,2561,740,333,259,346,269
85,Pehuajo,5,1012,2,4,2037,741,1656,1320,1674,1334
85,Pehuajo,5,1006,2,4,576,0734A,121,106,126,110
88,Pila,5,1015,2,5,1746,765,3466,2725,3475,2732
88,Pila,5,1016,2,5,487,766,141,96,205,140
89,Pilar,5,1017,2,1,549,768,24909,18649,27398,20512
89,Pilar,5,1021,2,1,1113,769,7146,4626,7548,4886
89,Pilar,5,1023,2,1,2262,770,4658,2816,7585,4585
89,Pilar,5,1030,2,1,1637,771,15450,11867,16328,12541
89,Pilar,5,1035,2,1,2262,772,17146,12603,19579,14391
89,Pilar,5,1018,2,1,2262,0768A,19888,14660,21970,16195
89,Pilar,5,1019,2,1,1940,0768B,20437,15005,21863,16052
89,Pilar,5,1020,2,1,2262,0768C,24935,18605,26114,19485
89,Pilar,5,1022,2,1,1938,0769A,5551,3875,5190,3623
89,Pilar,5,1024,2,1,1554,0770A,3177,2526,2924,2325
89,Pilar,5,1025,2,1,1554,0770B,4770,3735,4509,3531
89,Pilar,5,1026,2,1,1554,0770C,6090,4317,7287,5166
89,Pilar,5,1027,2,1,2262,0770D,20574,16152,21734,17063
89,Pilar,5,1028,2,1,2323,0770E,5330,3123,5131,3006
89,Pilar,5,1029,2,1,2262,0770F,15416,11940,17562,13602
89,Pilar,5,1031,2,1,1932,0771A,5778,4408,5873,4480
89,Pilar,5,1032,2,1,862,0771B,9377,7545,8940,7193
89,Pilar,5,1033,2,1,862,0771C,26845,20347,27835,21097
89,Pilar,5,1034,2,1,862,0771D,28655,22524,29230,22976
89,Pilar,5,1036,2,1,2262,0772A,17764,14081,16410,13008
89,Pilar,5,1037,2,1,3207,0772B,3873,2965,3533,2705
90,Pinamar,5,717,2,5,2267,339,13597,9626,14199,10052
90,Pinamar,5,718,2,5,2152,0339A,12742,7963,15343,9588
90,Pinamar,5,719,2,5,2267,0339B,4833,3427,5092,3611
90,Pinamar,5,720,2,5,2925,0339C,751,526,713,499
94,Rauch,5,1043,2,5,2436,806,13743,10844,13769,10865
94,Rauch,5,1044,2,5,1765,807,24,16,30,20
94,Rauch,5,1045,2,5,827,808,31,14,36,16
94,Rauch,5,1046,2,5,1975,810,43,22,48,24
94,Rauch,5,1047,2,5,2025,811,118,94,117,93
94,Rauch,5,1048,2,5,558,812,24,13,32,17
94,Rauch,5,1049,2,5,901,813,102,76,110,82
95,Rivadavia,5,1050,2,4,128,815,11734,9957,11678,9909
95,Rivadavia,5,1051,2,4,2664,816,456,373,479,392
95,Rivadavia,5,1052,2,4,1248,817,1314,1140,1295,1124
95,Rivadavia,5,1053,2,4,2635,818,38,28,42,31
95,Rivadavia,5,1054,2,4,2501,819,233,186,237,189
95,Rivadavia,5,1055,2,4,1143,820,1189,991,1166,972
97,Roque Perez,5,1056,2,7,2502,832,10521,8601,10581,8650
97,Roque Perez,5,1057,2,7,2502,833,245,198,258,208
97,Roque Perez,5,1058,2,7,1576,834,221,168,224,170
97,Roque Perez,5,1059,2,7,829,835,138,100,148,107
97,Roque Perez,5,1060,2,7,460,836,400,315,392,309
99,Saladillo,5,1061,2,7,2530,846,26484,20637,26706,20810
99,Saladillo,5,1063,2,7,112,847,359,270,366,275
99,Saladillo,5,1064,2,7,1057,848,86,60,94,66
99,Saladillo,5,1065,2,7,860,849,1253,955,1236,942
99,Saladillo,5,1067,2,7,509,850,396,306,397,307
99,Saladillo,5,1068,2,7,1559,851,69,41,72,43
99,Saladillo,5,1069,2,7,1481,852,125,80,133,85
99,Saladillo,5,1062,2,7,2531,0846A,274,236,241,208
99,Saladillo,5,1066,2,7,2291,0849A,486,383,484,381
104,San Cayetano,5,1070,2,5,2570,871,7258,5694,7241,5681
104,San Cayetano,5,1071,2,5,858,0871A,47,33,56,39
104,San Cayetano,5,1072,2,5,811,0871B,66,56,79,67
104,San Cayetano,5,1073,2,5,2120,0871C,65,50,75,58
105,San Fernando,5,1074,2,1,2582,872,6581,3340,14022,7116
105,San Fernando,5,1075,2,1,2582,873,3709,3061,3745,3091
105,San Fernando,5,1076,2,1,2582,874,2466,1814,2456,1807
105,San Fernando,5,1077,2,1,2582,875,1860,1438,1901,1470
105,San Fernando,5,1078,2,1,2582,876,2525,1913,2522,1911
105,San Fernando,5,1079,2,1,2582,877,19177,14880,18891,14658
105,San Fernando,5,1080,2,1,2582,878,19951,15060,19619,14809
105,San Fernando,5,1082,2,1,2950,879,19555,15514,19206,15237
105,San Fernando,5,1084,2,1,2582,880,15535,12331,15460,12271
105,San Fernando,5,1087,2,1,2733,882,415,214,1183,609
105,San Fernando,5,1081,2,1,2582,0878A,16538,11850,17827,12774
105,San Fernando,5,1083,2,1,2582,0879A,20450,15094,21598,15941
105,San Fernando,5,1085,2,1,3064,0880A,3210,2631,3167,2596
105,San Fernando,5,1086,2,1,2950,0880B,3390,2685,3329,2637
105,San Fernando,5,1088,2,1,2733,0882A,1379,725,1255,660
106,San Isidro,5,1089,2,1,2599,887,13238,8467,17567,11236
106,San Isidro,5,1090,2,1,2599,888,17207,13555,17421,13724
106,San Isidro,5,1091,2,1,295,889,26294,20305,26587,20531
106,San Isidro,5,1092,2,1,295,890,3401,2598,3551,2713
106,San Isidro,5,1093,2,1,1978,891,47584,34749,52454,38305
106,San Isidro,5,1094,2,1,339,892,66459,48794,72287,53073
106,San Isidro,5,1096,2,1,295,893,37144,25464,41267,28290
106,San Isidro,5,1097,2,1,23,894,5196,3400,6161,4032
106,San Isidro,5,1098,2,1,23,895,18363,13366,18572,13518
106,San Isidro,5,1095,2,1,2960,0892A,36004,28434,36309,28675
110,Suipacha,5,1099,2,1,2779,929,9243,7688,9244,7689
110,Suipacha,5,1100,2,1,2499,930,68,51,76,57
110,Suipacha,5,1101,2,1,1216,931,683,565,656,543
111,Tandil,5,1115,2,5,1163,934,372,269,351,254
111,Tandil,5,1116,2,5,1962,937,1898,1159,1900,1160
111,Tandil,5,1117,2,5,221,938,221,135,231,141
111,Tandil,5,1118,2,5,855,939,100,78,109,85
111,Tandil,5,1119,2,5,1175,940,853,637,821,613
111,Tandil,5,1102,2,5,2811,0933A,9228,7044,9000,6870
111,Tandil,5,1103,2,5,2811,0933B,9655,7593,9068,7131
111,Tandil,5,1104,2,5,2811,0933C,7139,5887,6996,5769
111,Tandil,5,1105,2,5,2811,0933D,4625,3740,4480,3623
111,Tandil,5,1106,2,5,2811,0933E,6100,4587,5936,4464
111,Tandil,5,1107,2,5,2811,0933F,8401,6602,8102,6367
111,Tandil,5,1108,2,5,2811,0933G,5888,4320,5405,3966
111,Tandil,5,1109,2,5,2811,0933H,5501,4327,5239,4121
111,Tandil,5,1110,2,5,2811,0933I,11422,8917,11122,8683
111,Tandil,5,1111,2,5,2811,0933J,5744,4489,5719,4469
111,Tandil,5,1112,2,5,2811,0933K,14554,11231,14487,11179
111,Tandil,5,1113,2,5,2811,0933L,25812,18802,27550,20068
111,Tandil,5,1114,2,5,288,0933M,218,186,149,127
112,Tapalque,5,1120,2,7,2813,944,8324,6466,8362,6496
112,Tapalque,5,1121,2,7,2813,945,45,31,49,34
112,Tapalque,5,1122,2,7,806,946,25,17,33,22
112,Tapalque,5,1123,2,7,2937,947,132,116,137,120
112,Tapalque,5,1124,2,7,2561,948,52,35,57,38
112,Tapalque,5,1125,2,7,812,949,340,254,342,255
113,Tigre,5,840,2,1,2459,530,67455,46753,77026,53387
113,Tigre,5,841,2,1,2834,533,7249,5027,6808,4721
113,Tigre,5,842,2,1,1211,534,38133,29931,36855,28928
113,Tigre,5,844,2,1,1211,535,49228,37377,51657,39221
113,Tigre,5,846,2,1,307,536,46190,35126,47623,36216
113,Tigre,5,843,2,1,886,0534A,61046,46205,63377,47969
113,Tigre,5,845,2,1,1035,0535A,60745,45845,63290,47766
113,Tigre,5,847,2,1,879,0536A,8508,6943,7682,6269
115,Trenque Lauquen,5,1127,2,4,2874,957,35752,26731,35535,26569
115,Trenque Lauquen,5,1128,2,4,322,958,1071,767,1053,754
115,Trenque Lauquen,5,1129,2,4,1957,960,18,9,20,10
115,Trenque Lauquen,5,1130,2,4,10,961,5188,3850,5144,3817
115,Trenque Lauquen,5,1131,2,4,1179,0961A,68,52,54,41
115,Trenque Lauquen,5,1132,2,4,1228,0961D,164,124,171,129
116,Tordillo,5,1126,2,5,1194,951,2431,1935,2457,1956
118,Tres de Febrero,5,782,2,1,2523,389,12873,9282,14523,10472
118,Tres de Febrero,5,783,2,1,2711,390,17747,13906,17761,13917
118,Tres de Febrero,5,784,2,1,490,391,79128,59444,82918,62291
118,Tres de Febrero,5,785,2,1,630,392,11210,8155,11467,8342
118,Tres de Febrero,5,786,2,1,630,393,51185,32318,64728,40869
118,Tres de Febrero,5,787,2,1,1,394,55010,43634,55771,44238
118,Tres de Febrero,5,789,2,1,975,395,44044,30810,50337,35212
118,Tres de Febrero,5,788,2,1,628,0394A,13577,10133,15347,11454
119,La Costa,5,708,2,5,2572,337,13675,9815,13869,9954
119,La Costa,5,709,2,5,1729,0337A,6553,4294,7132,4673
119,La Costa,5,710,2,5,2702,0337B,17060,12219,18394,13174
119,La Costa,5,711,2,5,1950,0337C,11861,8728,10985,8083
119,La Costa,5,712,2,5,50,0337D,12624,9122,12981,9380
119,La Costa,5,713,2,5,1946,0337E,21266,15171,21654,15448
121,Veinticinco De Mayo,5,1134,2,7,7,980,22876,17303,23062,17444
121,Veinticinco De Mayo,5,1135,2,7,1885,981,121,83,125,86
121,Veinticinco De Mayo,5,1136,2,7,826,982,65,37,72,41
121,Veinticinco De Mayo,5,1137,2,7,2100,983,4729,3916,4713,3903
121,Veinticinco De Mayo,5,1138,2,7,2233,984,1677,1341,1688,1350
121,Veinticinco De Mayo,5,1139,2,7,1240,985,401,312,410,319
121,Veinticinco De Mayo,5,1140,2,7,831,986,56,0,65,0
121,Veinticinco De Mayo,5,1141,2,7,2923,988,686,557,714,580
121,Veinticinco De Mayo,5,1142,2,7,53,989,363,278,296,227
121,Veinticinco De Mayo,5,1144,2,7,2577,990,260,215,281,232
121,Veinticinco De Mayo,5,1145,2,7,861,991,554,477,568,489
122,Vicente Lopez,5,1146,2,1,2138,993,23433,18501,23544,18589
122,Vicente Lopez,5,1148,2,1,2947,994,12266,9050,12353,9114
122,Vicente Lopez,5,1149,2,1,1134,995,14598,9197,18826,11861
122,Vicente Lopez,5,1150,2,1,1134,996,14209,11095,14370,11221
122,Vicente Lopez,5,1151,2,1,2947,997,11016,8193,11075,8237
122,Vicente Lopez,5,1152,2,1,1134,998,17030,13469,17052,13486
122,Vicente Lopez,5,1153,2,1,1135,999,35602,26100,38288,28069
122,Vicente Lopez,5,606,2,1,456,1000,43083,31837,47512,35110
122,Vicente Lopez,5,608,2,1,2138,1001,29480,20439,35102,24337
122,Vicente Lopez,5,1147,2,1,2138,0993A,12193,8166,14464,9687
122,Vicente Lopez,5,607,2,1,2072,1000A,7520,5780,7499,5764
122,Vicente Lopez,5,609,2,1,1555,1001A,10166,7450,10185,7464
123,Villa Gesell,5,724,2,5,3042,344,33973,23198,35591,24303
127,Florentino Ameghino,5,737,2,4,126,361,7295,5751,7427,5855
127,Florentino Ameghino,5,739,2,4,328,362,669,526,664,522
127,Florentino Ameghino,5,738,2,4,1004,0361A,142,116,151,123
129,Jose C. Paz,5,794,2,1,1423,398,81129,55155,99328,67528
129,Jose C. Paz,5,795,2,1,1423,0398A,86519,66448,85397,65586
129,Jose C. Paz,5,796,2,1,1423,0398B,65431,51929,64654,51312
130,Malvinas Argentinas,5,797,2,1,1274,399,75137,56357,79756,59821
130,Malvinas Argentinas,5,798,2,1,1369,0399A,39201,29389,43107,32317
130,Malvinas Argentinas,5,799,2,1,1924,0399B,32275,25452,31583,24906
130,Malvinas Argentinas,5,800,2,1,2859,0399C,1941,1535,1868,1477
130,Malvinas Argentinas,5,801,2,1,1924,0399D,32131,24759,32109,24742
130,Malvinas Argentinas,5,802,2,1,1365,0399E,22016,16770,22844,17401
130,Malvinas Argentinas,5,803,2,1,1850,0399F,59677,47368,58656,46558
130,Malvinas Argentinas,5,804,2,1,1274,0399G,23037,18169,22270,17564
133,Ituzaingo,5,945,2,1,1001,666,60229,44859,65586,48849
133,Ituzaingo,5,947,2,1,1387,667,55838,43544,55728,43458
133,Ituzaingo,5,946,2,1,1406,0666A,33316,26848,33201,26755
134,Hurlingham,5,948,2,1,1347,668,56385,41925,61264,45553
134,Hurlingham,5,949,2,1,1347,0668A,43909,29979,51258,34997
134,Hurlingham,5,950,2,1,3139,0668B,57922,45601,57868,45558
135,Lezama,5,674,2,5,1746,0207L,5034,4148,5060,4169
1,Adolfo Alsina,6,449,2,6,459,1,9555,6872,9779,7033
124,Villarino,6,450,2,6,1997,1007,6125,4791,6189,4841
124,Villarino,6,451,2,6,1441,1008,1968,1507,2041,1563
124,Villarino,6,452,2,6,716,1009,214,163,230,175
124,Villarino,6,453,2,6,1990,1010,4963,3469,5782,4042
124,Villarino,6,454,2,6,2236,1011,8420,5660,11070,7442
124,Villarino,6,455,2,6,1316,1011A,3395,2703,3367,2681
125,Zarate,6,456,2,2,3203,1013,17951,13517,20075,15116
125,Zarate,6,457,2,2,3203,1014,29595,21801,28556,21036
125,Zarate,6,458,2,2,3203,1015,7004,5727,7002,5725
125,Zarate,6,459,2,2,3203,1016,4837,3693,4795,3661
125,Zarate,6,460,2,2,3203,1017,23007,16859,22321,16356
125,Zarate,6,461,2,2,3203,1018,9378,7280,9281,7205
125,Zarate,6,462,2,2,1070,1019,519,426,447,367
125,Zarate,6,463,2,2,1750,1020,53,26,54,27
125,Zarate,6,464,2,2,1750,1021,11033,8168,10998,8142
9,Baradero,6,465,2,2,267,105,22928,17285,23580,17777
9,Baradero,6,466,2,2,267,106,539,429,497,396
9,Baradero,6,467,2,2,267,107,5920,4456,5540,4170
9,Baradero,6,468,2,2,267,109,23,17,0,0
9,Baradero,6,469,2,2,3062,110,481,406,474,400
9,Baradero,6,470,2,2,3136,111,235,190,244,197
9,Baradero,6,471,2,2,2965,113,1333,1056,1342,1063
10,Arrecifes,6,472,2,2,180,117,24905,19534,24589,19286
10,Arrecifes,6,473,2,2,824,0117A,70,57,71,58
10,Arrecifes,6,474,2,2,1567,0117B,95,32,462,158
10,Arrecifes,6,475,2,2,2849,118,682,302,664,294
10,Arrecifes,6,476,2,2,3170,120,474,385,465,378
18,Capitan Sarmiento,6,477,2,2,437,121,13652,10893,13465,10744
18,Capitan Sarmiento,6,478,2,2,1557,122,326,255,295,231
15,Brandsen,6,479,2,3,344,148,22781,18028,22717,17977
15,Brandsen,6,480,2,3,831,149,384,294,289,221
15,Brandsen,6,481,2,3,1420,150,2392,2046,2328,1991
15,Brandsen,6,482,2,3,1246,151,1380,1109,1176,945
15,Brandsen,6,483,2,3,96,152,314,242,323,249
15,Brandsen,6,484,2,3,2133,153,303,247,305,249
15,Brandsen,6,485,2,3,1584,0153A,266,203,256,195
17,CA\u00d1UELAS,6,486,2,3,436,157,34121,24443,35521,25446
17,CA\u00d1UELAS,6,487,2,3,78,158,4111,3295,3900,3126
17,CA\u00d1UELAS,6,488,2,3,1989,0158A,8914,7377,7929,6562
17,CA\u00d1UELAS,6,489,2,3,2693,0158B,5682,4392,5162,3990
17,CA\u00d1UELAS,6,490,2,3,2914,159,1477,1176,1389,1106
17,CA\u00d1UELAS,6,491,2,3,1546,160,170,136,168,134
17,CA\u00d1UELAS,6,492,2,3,1239,162,212,153,197,142
3,Almirante Brown,6,493,2,3,36,17,25719,19790,24107,18550
21,Carmen de Areco,6,494,2,2,470,175,13229,10754,13233,10757
21,Carmen de Areco,6,495,2,2,2886,176,544,432,549,436
21,Carmen de Areco,6,496,2,2,2340,177,179,141,190,150
32,Daireaux,6,497,2,6,851,179,12553,9901,12577,9920
3,Almirante Brown,6,498,2,3,36,18,32759,25444,32015,24866
32,Daireaux,6,499,2,6,167,180,600,505,594,500
32,Daireaux,6,500,2,6,1543,181,152,116,152,116
32,Daireaux,6,501,2,6,140,182,55,42,67,51
32,Daireaux,6,502,2,6,2533,183,2010,1602,2004,1597
3,Almirante Brown,6,503,2,3,88,0018A,40688,30880,58396,44320
3,Almirante Brown,6,504,2,3,2415,19,53658,40691,99133,75177
3,Almirante Brown,6,505,2,3,36,20,58257,41248,37717,26705
3,Almirante Brown,6,506,2,3,88,0020A,31884,24316,34589,26379
3,Almirante Brown,6,507,2,3,88,21,50989,38606,62722,47490
3,Almirante Brown,6,508,2,3,88,0021A,20887,15113,17598,12733
3,Almirante Brown,6,509,2,3,88,22,52703,37311,44221,31306
3,Almirante Brown,6,510,2,3,634,0022A,42513,30870,56140,40765
3,Almirante Brown,6,511,2,3,88,0022B,21059,15101,17920,12850
3,Almirante Brown,6,512,2,3,2585,0022C,29866,21687,56140,40765
4,Avellaneda,6,513,2,3,215,23,14343,9392,18304,11986
24,Colon,6,514,2,2,670,230,21808,17157,21819,17166
24,Colon,6,515,2,2,2718,0230A,76,57,82,62
24,Colon,6,516,2,2,2232,231,232,182,243,191
24,Colon,6,517,2,2,911,0231A,256,206,258,208
25,Coronel Dorrego,6,518,2,6,777,232,10827,8618,10939,8707
25,Coronel Dorrego,6,519,2,6,777,233,43,30,61,43
25,Coronel Dorrego,6,520,2,6,387,234,136,105,145,112
25,Coronel Dorrego,6,521,2,6,1477,235,26,16,27,17
25,Coronel Dorrego,6,522,2,6,160,236,117,87,136,101
25,Coronel Dorrego,6,523,2,6,1390,0236A,23,19,27,22
25,Coronel Dorrego,6,524,2,6,1000,237,876,704,890,715
25,Coronel Dorrego,6,525,2,6,1111,0237A,67,43,67,43
25,Coronel Dorrego,6,526,2,6,2149,238,1801,1402,1787,1391
120,Monte Hermoso,6,527,2,6,2049,239,9459,6563,9750,6765
4,Avellaneda,6,528,2,3,215,24,10919,8717,10927,8723
26,Coronel Pringles,6,529,2,6,642,240,19502,13963,19701,14105
26,Coronel Pringles,6,530,2,6,1360,243,922,638,941,651
26,Coronel Pringles,6,531,2,6,820,246,62,40,73,47
27,Coronel De Marina L. Rosales,6,532,2,6,2385,248,16832,12660,16855,12677
27,Coronel De Marina L. Rosales,6,533,2,6,254,0248A,575,420,547,400
27,Coronel De Marina L. Rosales,6,534,2,6,235,0248B,103,59,125,71
27,Coronel De Marina L. Rosales,6,535,2,6,2385,0248C,14030,11041,12997,10228
27,Coronel De Marina L. Rosales,6,536,2,6,2385,0248D,6090,4303,5682,4015
27,Coronel De Marina L. Rosales,6,537,2,6,2385,0248E,10847,8883,10338,8466
27,Coronel De Marina L. Rosales,6,538,2,6,2365,0248F,1339,1039,1160,900
27,Coronel De Marina L. Rosales,6,539,2,6,245,249,244,197,262,212
27,Coronel De Marina L. Rosales,6,540,2,6,3050,0249A,1753,1340,1639,1253
27,Coronel De Marina L. Rosales,6,541,2,6,3017,0249B,291,226,280,217
4,Avellaneda,6,542,2,3,215,25,11888,8937,11584,8708
28,Coronel Suarez,6,543,2,6,787,252,23283,17983,23665,18278
28,Coronel Suarez,6,544,2,6,2686,253,1658,1312,1687,1335
28,Coronel Suarez,6,545,2,6,1329,254,4777,3498,4785,3504
28,Coronel Suarez,6,546,2,6,2273,255,41,32,44,34
28,Coronel Suarez,6,547,2,6,2686,0255A,25,18,48,35
28,Coronel Suarez,6,548,2,6,3068,0256A,232,173,232,173
28,Coronel Suarez,6,549,2,6,2209,258,201,148,216,159
28,Coronel Suarez,6,550,2,6,2608,0258A,2290,1808,2285,1804
28,Coronel Suarez,6,551,2,6,2703,0258B,2513,1691,2330,1568
28,Coronel Suarez,6,552,2,6,843,0258C,149,106,157,112
62,Lanus,6,553,2,3,1223,259,9034,6433,10330,7356
4,Avellaneda,6,554,2,3,1398,26,7072,4995,6625,4679
62,Lanus,6,555,2,3,1655,260,33395,22432,39973,26850
62,Lanus,6,556,2,3,283,261,33758,23376,40445,28006
62,Lanus,6,557,2,3,2045,262,60068,45533,59709,45261
62,Lanus,6,558,2,3,1655,263,20584,13689,25867,17202
62,Lanus,6,559,2,3,1657,264,7393,5526,7446,5566
62,Lanus,6,560,2,3,2445,265,25293,20111,25273,20095
4,Avellaneda,6,561,2,3,215,27,21886,15364,26036,18277
62,Lanus,6,562,2,3,1223,271,12267,8576,14761,10320
62,Lanus,6,563,2,3,1655,272,16645,11271,20393,13809
62,Lanus,6,564,2,3,1657,273,57152,43914,56886,43710
62,Lanus,6,565,2,3,1655,274,43402,34203,44362,34960
62,Lanus,6,566,2,3,1657,275,26736,20752,27044,20991
62,Lanus,6,567,2,3,1655,276,29750,22086,32009,23763
36,Esteban Echeverria,6,568,2,3,12,286,5345,3636,4912,3341
36,Esteban Echeverria,6,569,2,3,12,0286A,32801,22467,37968,26006
36,Esteban Echeverria,6,570,2,3,971,287,25194,19192,26713,20349
36,Esteban Echeverria,6,571,2,3,971,0287A,19409,15185,20154,15768
36,Esteban Echeverria,6,572,2,3,1422,0287B,7222,5011,6662,4622
36,Esteban Echeverria,6,573,2,3,1096,0287C,18880,13804,19270,14089
36,Esteban Echeverria,6,574,2,3,2048,0287D,25149,20184,24316,19515
36,Esteban Echeverria,6,575,2,3,1096,288,26502,17864,38662,26061
36,Esteban Echeverria,6,576,2,3,1096,0288A,17460,12861,20380,15012
36,Esteban Echeverria,6,577,2,3,1096,0288B,31250,23806,32494,24754
132,Ezeiza,6,578,2,3,1104,289,52057,39887,53750,41184
132,Ezeiza,6,579,2,3,1104,290,34272,24599,42889,30784
132,Ezeiza,6,580,2,3,2889,0290A,37577,30092,35399,28348
132,Ezeiza,6,581,2,3,466,0290B,26393,21654,25016,20524
36,Esteban Echeverria,6,582,2,3,1890,291,15323,12247,15358,12275
36,Esteban Echeverria,6,583,2,3,1096,0291A,20820,14693,25171,17764
37,Exaltacion de la Cruz,6,584,2,2,443,292,10187,7714,10795,8174
37,Exaltacion de la Cruz,6,585,2,2,443,293,12293,9350,12781,9721
37,Exaltacion de la Cruz,6,586,2,2,189,294,3999,3059,3913,2993
37,Exaltacion de la Cruz,6,587,2,2,443,295,6256,4682,6309,4722
37,Exaltacion de la Cruz,6,588,2,2,875,297,571,440,549,423
37,Exaltacion de la Cruz,6,589,2,2,1231,298,333,247,318,236
1,Adolfo Alsina,6,590,2,6,2488,3,3057,2318,3124,2369
4,Avellaneda,6,591,2,3,215,30,6172,4214,7699,5256
38,Florencio Varela,6,592,2,3,1130,302,110432,77665,124017,87219
38,Florencio Varela,6,593,2,3,1130,0302A,46465,33560,48682,35161
38,Florencio Varela,6,594,2,3,1130,0302B,25978,19323,26745,19893
38,Florencio Varela,6,595,2,3,1130,0302C,34474,26331,35043,26766
38,Florencio Varela,6,596,2,3,1094,0302D,19310,14831,19870,15261
38,Florencio Varela,6,597,2,3,337,0302E,51441,37796,53674,39437
38,Florencio Varela,6,598,2,3,1496,0302F,6501,5181,6237,4971
38,Florencio Varela,6,599,2,3,1130,303,5064,3652,5131,3700
38,Florencio Varela,6,600,2,3,1130,0303A,10115,7387,10476,7651
38,Florencio Varela,6,601,2,3,1130,0303B,31670,22508,33150,23560
128,Presidente Peron,6,602,2,3,1296,304,20706,15555,19943,14982
128,Presidente Peron,6,603,2,3,1296,0304A,32014,21536,38775,26084
128,Presidente Peron,6,604,2,3,1296,0304B,17948,12984,16577,11992
128,Presidente Peron,6,605,2,3,1296,0304C,4494,3100,4254,2934
4,Avellaneda,6,606,2,3,2273,31,1356,1114,1340,1101
4,Avellaneda,6,607,2,3,2273,32,4270,3462,4197,3403
4,Avellaneda,6,608,2,3,2273,33,12054,9660,11950,9577
44,General Lamadrid,6,609,2,6,1204,330,8639,6254,8666,6274
44,General Lamadrid,6,610,2,6,1706,332,256,204,266,212
44,General Lamadrid,6,611,2,6,1508,334,620,476,607,466
44,General Lamadrid,6,612,2,6,1747,335,304,248,313,255
44,General Lamadrid,6,613,2,6,2295,336,49,31,58,37
4,Avellaneda,6,614,2,3,215,34,21331,15842,22832,16957
4,Avellaneda,6,615,2,3,215,37,21477,16824,22304,17472
4,Avellaneda,6,616,2,3,215,38,38020,27184,42039,30058
4,Avellaneda,6,617,2,3,215,39,55117,41161,58915,43997
4,Avellaneda,6,618,2,3,215,40,71855,53804,75770,56736
56,Adolfo Gonzales Chaves,6,619,2,6,34,424,8922,6986,8975,7028
56,Adolfo Gonzales Chaves,6,620,2,6,856,427,1701,1132,1729,1151
56,Adolfo Gonzales Chaves,6,621,2,6,1442,428,224,178,232,184
57,Guamini,6,622,2,6,1284,430,2932,2256,3047,2345
57,Guamini,6,623,2,6,489,431,4500,3222,4455,3190
57,Guamini,6,624,2,6,1639,432,1667,1365,1683,1378
57,Guamini,6,625,2,6,647,433,140,101,153,110
57,Guamini,6,626,2,6,1179,434,840,717,879,750
59,Benito Juarez,6,627,2,6,309,436,14578,11527,14780,11687
59,Benito Juarez,6,628,2,6,785,437,59,44,123,91
59,Benito Juarez,6,629,2,6,270,439,2818,2150,2850,2174
59,Benito Juarez,6,630,2,6,1778,440,203,150,203,150
59,Benito Juarez,6,631,2,6,2823,441,181,24,170,23
63,La Plata,6,632,2,8,1580,460,1822,1013,3158,1756
63,La Plata,6,633,2,8,1580,461,1462,658,3260,1467
63,La Plata,6,634,2,8,1580,462,1584,1132,1658,1185
63,La Plata,6,635,2,8,1580,463,988,376,3346,1274
63,La Plata,6,636,2,8,1580,464,2254,1756,2286,1781
63,La Plata,6,637,2,8,1580,465,1936,1549,1956,1565
63,La Plata,6,638,2,8,1580,466,2088,1595,2111,1613
63,La Plata,6,639,2,8,1580,467,1850,1459,1897,1496
63,La Plata,6,640,2,8,1580,468,1808,1380,1863,1422
63,La Plata,6,641,2,8,1580,469,2062,1286,2085,1300
63,La Plata,6,642,2,8,1580,471,1729,1345,1769,1376
63,La Plata,6,643,2,8,1580,472,1259,927,1279,942
63,La Plata,6,644,2,8,1580,473,4113,2689,4075,2664
63,La Plata,6,645,2,8,1580,474,4791,3803,4830,3834
63,La Plata,6,646,2,8,1580,475,15836,11689,17023,12565
63,La Plata,6,647,2,8,1580,476,2846,2313,2861,2325
63,La Plata,6,648,2,8,1580,477,6611,5162,6826,5330
63,La Plata,6,649,2,8,1580,480,2643,1853,2652,1859
63,La Plata,6,650,2,8,1580,481,3121,1992,4263,2721
63,La Plata,6,651,2,8,1580,482,2744,1889,2771,1908
63,La Plata,6,652,2,8,1580,483,2663,2144,2701,2175
63,La Plata,6,653,2,8,1580,484,2640,1787,2697,1826
63,La Plata,6,654,2,8,1580,485,2232,1774,2277,1810
63,La Plata,6,655,2,8,1580,486,2733,1933,2773,1961
63,La Plata,6,656,2,8,1580,487,2296,1891,2288,1884
63,La Plata,6,657,2,8,1580,488,3154,2590,3203,2630
34,Ensenada,6,658,2,3,954,490,13067,9703,13353,9915
34,Ensenada,6,659,2,3,1066,491,33186,25485,35249,27069
34,Ensenada,6,660,2,3,2391,0491A,12790,9867,12519,9658
34,Ensenada,6,661,2,3,1401,492,188,136,193,140
63,La Plata,6,662,2,8,1399,493,106,0,109,0
63,La Plata,6,663,2,8,1580,495,25031,18915,26364,19922
63,La Plata,6,664,2,8,1580,496,29306,21990,30988,23252
63,La Plata,6,665,2,8,1580,0496A,13868,10297,17206,12776
63,La Plata,6,666,2,8,1580,0496B,13426,10131,14665,11066
63,La Plata,6,667,2,8,1580,0496C,14921,11149,16727,12498
63,La Plata,6,668,2,8,1580,0496D,18331,13185,19204,13813
63,La Plata,6,669,2,8,163,0496E,5886,4761,5490,4441
63,La Plata,6,670,2,8,1355,0496F,283,193,275,188
63,La Plata,6,671,2,8,1580,497,13511,10504,15039,11692
63,La Plata,6,672,2,8,2289,0497A,850,425,1157,579
63,La Plata,6,673,2,8,1821,0497B,10573,8347,10283,8118
63,La Plata,6,674,2,8,1580,0497C,10088,7714,9833,7519
63,La Plata,6,675,2,8,1580,0497D,10738,8002,12307,9171
63,La Plata,6,676,2,8,1580,0497E,12690,9204,13378,9703
63,La Plata,6,677,2,8,1580,0497F,3649,2309,5491,3475
63,La Plata,6,678,2,8,143,498,1585,1237,1440,1124
1,Adolfo Alsina,6,679,2,6,3091,5,1117,817,1137,832
63,La Plata,6,680,2,8,1580,501,45571,33917,48943,36427
63,La Plata,6,681,2,8,1580,502,43236,32601,45746,34494
63,La Plata,6,682,2,8,617,503,6908,5595,6466,5237
63,La Plata,6,683,2,8,1310,0503A,9636,7143,10671,7910
63,La Plata,6,684,2,8,617,504,36984,29380,36927,29335
63,La Plata,6,685,2,8,1580,0504A,27437,21530,30330,23800
63,La Plata,6,686,2,8,1580,505,16575,11797,17049,12134
63,La Plata,6,687,2,8,199,0505A,11856,9138,12132,9351
63,La Plata,6,688,2,8,998,0505B,3893,2443,5013,3146
63,La Plata,6,689,2,8,1580,508,11610,7983,15620,10740
63,La Plata,6,690,2,8,1580,0508A,13282,10123,13081,9970
63,La Plata,6,691,2,8,1580,0508B,9000,6974,8494,6582
63,La Plata,6,692,2,8,1755,0508C,9477,7472,9091,7168
63,La Plata,6,693,2,8,1580,0508D,11717,8249,13740,9673
63,La Plata,6,694,2,8,1755,0508E,8791,6937,8358,6595
63,La Plata,6,695,2,8,2002,0508F,2267,1694,2250,1681
63,La Plata,6,696,2,8,15,0508G,667,487,656,479
63,La Plata,6,697,2,8,15,509,7308,3709,13021,6608
63,La Plata,6,698,2,8,277,0509A,9739,7495,9712,7474
12,Berisso,6,699,2,3,1066,511,7253,5927,7209,5891
12,Berisso,6,700,2,3,315,512,21595,17078,21991,17391
12,Berisso,6,701,2,3,315,513,32278,24670,33482,25590
12,Berisso,6,702,2,3,276,0513A,22141,16024,24506,17736
63,La Plata,6,703,2,8,1580,516,3077,1986,3174,2049
63,La Plata,6,704,2,8,1580,517,3303,2497,3345,2529
63,La Plata,6,705,2,8,1580,518,2692,1328,4560,2250
63,La Plata,6,706,2,8,1580,519,5614,3604,7531,4835
63,La Plata,6,707,2,8,1580,520,8223,6592,8346,6691
63,La Plata,6,708,2,8,1580,521,3562,2508,3614,2545
64,Laprida,6,709,2,6,1660,524,9677,7701,9668,7694
64,Laprida,6,710,2,6,2607,528,262,208,270,214
69,Lobos,6,711,2,3,1759,574,21552,16436,23174,17673
69,Lobos,6,712,2,3,1061,575,8654,6534,7547,5698
69,Lobos,6,713,2,3,1683,576,330,256,317,246
69,Lobos,6,714,2,3,1433,0576A,167,121,144,104
69,Lobos,6,715,2,3,157,577,525,377,536,385
69,Lobos,6,716,2,3,2544,578,1028,845,1000,822
69,Lobos,6,717,2,3,3151,579,576,462,531,426
69,Lobos,6,718,2,3,831,580,191,142,184,137
69,Lobos,6,719,2,3,3202,581,359,283,371,292
70,Lomas de Zamora,6,720,2,3,1769,583,56819,41634,66018,48375
70,Lomas de Zamora,6,721,2,3,1769,0583A,40595,29694,47281,34585
70,Lomas de Zamora,6,722,2,3,1372,0583B,30829,23915,31238,24232
70,Lomas de Zamora,6,723,2,3,1769,0583C,23736,16145,30782,20938
70,Lomas de Zamora,6,724,2,3,1372,0583D,30016,24292,27835,22527
70,Lomas de Zamora,6,725,2,3,1769,0583E,21692,16268,19406,14554
70,Lomas de Zamora,6,726,2,3,264,584,19569,14711,21871,16442
70,Lomas de Zamora,6,727,2,3,264,585,11434,9114,11555,9210
70,Lomas de Zamora,6,728,2,3,1769,586,16879,9624,35000,19957
70,Lomas de Zamora,6,729,2,3,1769,587,97040,71855,103076,76324
70,Lomas de Zamora,6,730,2,3,1769,588,12350,9673,12567,9843
70,Lomas de Zamora,6,731,2,3,264,589,22074,17515,22219,17630
70,Lomas de Zamora,6,732,2,3,2827,590,36648,29237,36765,29330
70,Lomas de Zamora,6,733,2,3,1769,0590A,43730,33890,44485,34475
70,Lomas de Zamora,6,734,2,3,1769,591,15057,10003,18897,12554
70,Lomas de Zamora,6,735,2,3,2901,592,7019,5598,7324,5841
70,Lomas de Zamora,6,736,2,3,1757,593,21923,16858,21854,16805
70,Lomas de Zamora,6,737,2,3,1757,0593A,11747,7382,18652,11721
1,Adolfo Alsina,6,738,2,6,1095,6,84,65,99,77
72,Magdalena,6,739,2,3,1209,604,2830,2348,2770,2298
72,Magdalena,6,740,2,3,205,605,924,474,906,465
72,Magdalena,6,741,2,3,1908,606,11895,8015,11735,7907
72,Magdalena,6,742,2,3,1454,607,94,66,100,70
72,Magdalena,6,743,2,3,2490,608,164,133,170,138
72,Magdalena,6,744,2,3,2954,609,426,346,406,330
72,Magdalena,6,745,2,3,1426,610,46,29,43,27
131,Punta Indio,6,746,2,3,1623,611,96,71,104,77
131,Punta Indio,6,747,2,3,114,612,277,219,269,213
131,Punta Indio,6,748,2,3,2941,613,7957,5930,8050,5999
131,Punta Indio,6,749,2,3,2274,0613A,1036,547,1045,552
131,Punta Indio,6,750,2,3,2390,0613B,1104,849,1006,774
61,La Matanza,6,751,2,3,2622,626,50733,40151,51639,40868
61,La Matanza,6,752,2,3,1395,0626A,38005,29245,38012,29250
61,La Matanza,6,753,2,3,1562,627,16704,10442,22909,14321
61,La Matanza,6,754,2,3,1562,628,49708,36417,56008,41032
61,La Matanza,6,755,2,3,1562,629,31516,23158,35112,25800
61,La Matanza,6,756,2,3,1395,0629A,54771,41482,59036,44712
61,La Matanza,6,757,2,3,1395,0629B,41451,32886,40807,32375
61,La Matanza,6,758,2,3,1770,630,34622,26925,34823,27081
61,La Matanza,6,759,2,3,1562,631,28588,19390,35767,24259
61,La Matanza,6,760,2,3,626,0631A,43107,30183,50192,35144
61,La Matanza,6,761,2,3,614,0631B,9692,7250,9671,7234
61,La Matanza,6,762,2,3,1395,0631C,18943,11244,31030,18418
61,La Matanza,6,763,2,3,1395,0631D,38483,25998,46368,31325
61,La Matanza,6,764,2,3,74,632,11192,8367,12160,9091
61,La Matanza,6,765,2,3,1562,0632A,12915,10380,12414,9977
61,La Matanza,6,766,2,3,2622,0632B,3760,3113,3615,2993
61,La Matanza,6,767,2,3,1562,633,57694,36332,77749,48961
61,La Matanza,6,768,2,3,1608,634,29782,22915,29810,22937
61,La Matanza,6,769,2,3,1276,635,105814,77381,115029,84120
61,La Matanza,6,770,2,3,1247,0635A,100470,69172,119387,82196
61,La Matanza,6,771,2,3,1276,0635B,112895,81821,128506,93135
61,La Matanza,6,772,2,3,1247,0635C,60487,47781,59042,46640
61,La Matanza,6,773,2,3,1562,0635D,51693,35588,61508,42345
61,La Matanza,6,774,2,3,3173,0635E,53194,40352,51315,38927
61,La Matanza,6,775,2,3,2622,0635F,1239,934,1246,939
1,Adolfo Alsina,6,776,2,6,2638,7,527,385,529,386
7,Bahia Blanca,6,777,2,6,237,72,9380,5746,12944,7929
22,Patagones,6,778,2,6,471,729,20339,14832,20611,15030
7,Bahia Blanca,6,779,2,6,237,73,21396,13197,27141,16741
22,Patagones,6,780,2,6,458,730,120,82,120,82
22,Patagones,6,781,2,6,2776,731,2138,1555,2154,1567
22,Patagones,6,782,2,6,238,0731A,892,634,832,591
22,Patagones,6,783,2,6,3161,732,4284,3100,5020,3633
22,Patagones,6,784,2,6,1438,733,1154,915,1149,911
7,Bahia Blanca,6,785,2,6,237,74,21089,15550,20732,15287
86,Pellegrini,6,786,2,6,2238,743,5270,4499,5323,4544
126,Tres Lomas,6,787,2,6,2883,744,6822,5315,6783,5285
126,Tres Lomas,6,788,2,6,1378,745,130,113,125,109
100,Salliquelo,6,789,2,6,2538,746,7349,5912,7388,5943
100,Salliquelo,6,790,2,6,2397,0746A,499,433,535,464
87,Pergamino,6,791,2,2,411,747,155,114,191,141
87,Pergamino,6,792,2,2,1437,0747A,277,230,306,254
87,Pergamino,6,793,2,2,2242,748,15144,11290,16620,12390
87,Pergamino,6,794,2,2,2242,0748A,17829,12861,17651,12733
87,Pergamino,6,795,2,2,2242,0748B,16539,12910,16207,12651
87,Pergamino,6,796,2,2,2242,0748C,11667,9073,16337,12704
87,Pergamino,6,797,2,2,2242,0748D,17368,13789,16944,13452
87,Pergamino,6,798,2,2,1153,0748E,106,85,105,84
87,Pergamino,6,799,2,2,1935,749,1133,912,1114,897
7,Bahia Blanca,6,800,2,6,237,75,8905,6989,8825,6926
87,Pergamino,6,801,2,2,2151,750,60,43,58,42
87,Pergamino,6,802,2,2,25,751,1466,1204,1478,1214
87,Pergamino,6,803,2,2,1968,752,173,140,183,148
87,Pergamino,6,804,2,2,2970,753,1129,835,1198,886
87,Pergamino,6,805,2,2,2272,754,450,359,461,368
87,Pergamino,6,806,2,2,1969,0754A,918,732,918,732
87,Pergamino,6,807,2,2,2430,755,831,653,797,626
87,Pergamino,6,808,2,2,410,756,1050,852,1030,836
87,Pergamino,6,809,2,2,1927,757,12,9,13,10
87,Pergamino,6,810,2,2,1621,758,615,450,643,470
87,Pergamino,6,811,2,2,1298,759,854,690,846,684
7,Bahia Blanca,6,812,2,6,237,76,41660,31835,40359,30841
7,Bahia Blanca,6,813,2,6,1277,77,5171,4060,4651,3652
91,Puan,6,814,2,6,2333,776,4785,3571,4946,3691
91,Puan,6,815,2,6,335,777,922,771,953,797
91,Puan,6,816,2,6,220,0777A,153,117,150,115
91,Puan,6,817,2,6,853,778,5276,3989,5333,4032
91,Puan,6,818,2,6,5,779,428,299,458,320
7,Bahia Blanca,6,819,2,6,237,78,4881,3845,4921,3877
91,Puan,6,820,2,6,3063,780,1812,1316,1828,1328
91,Puan,6,821,2,6,2592,781,161,118,164,120
91,Puan,6,822,2,6,1119,782,638,492,668,515
92,Quilmes,6,823,2,3,2405,783,19708,15703,20160,16063
92,Quilmes,6,824,2,3,2405,0783A,18854,14347,18202,13851
92,Quilmes,6,825,2,3,2405,784,24716,16723,31154,21079
92,Quilmes,6,826,2,3,2405,785,39802,27894,50102,35112
92,Quilmes,6,827,2,3,2405,0785A,23401,18320,22834,17876
92,Quilmes,6,828,2,3,2405,0785B,42247,30287,46774,33532
92,Quilmes,6,829,2,3,318,786,19420,13982,20639,14860
92,Quilmes,6,830,2,3,318,0786A,15276,12398,15024,12193
92,Quilmes,6,831,2,3,317,787,16645,13379,17056,13709
92,Quilmes,6,832,2,3,317,0787A,26267,17631,33000,22150
92,Quilmes,6,833,2,3,318,788,34091,24737,37483,27198
92,Quilmes,6,834,2,3,2589,0788A,56123,44728,55952,44592
92,Quilmes,6,835,2,3,2405,0788B,30096,21712,34152,24638
92,Quilmes,6,836,2,3,2406,0788C,33806,25932,32877,25219
11,Berazategui,6,837,2,3,313,789,38925,29684,38454,29325
11,Berazategui,6,838,2,3,313,0789A,33276,25851,35179,27329
11,Berazategui,6,839,2,3,313,0789B,11774,9247,17252,13549
11,Berazategui,6,840,2,3,313,0789C,18918,12453,25802,16985
11,Berazategui,6,841,2,3,313,0789D,19701,16249,19387,15990
11,Berazategui,6,842,2,3,313,0789E,16401,13408,16567,13544
11,Berazategui,6,843,2,3,313,0789F,13231,10988,13132,10906
7,Bahia Blanca,6,844,2,6,237,79,7091,5500,6755,5239
11,Berazategui,6,845,2,3,313,790,22752,18593,22739,18582
11,Berazategui,6,846,2,3,313,0790A,10751,8312,10810,8358
92,Quilmes,6,847,2,3,1105,791,21225,16370,23753,18320
92,Quilmes,6,848,2,3,1105,0791A,31622,24281,31032,23828
92,Quilmes,6,849,2,3,1106,0791B,26957,20588,29365,22427
11,Berazategui,6,850,2,3,313,792,23958,17869,24435,18225
11,Berazategui,6,851,2,3,1448,0792A,17157,13383,17047,13297
11,Berazategui,6,852,2,3,313,0792B,12588,9439,12900,9673
11,Berazategui,6,853,2,3,1299,0792C,17704,14686,17313,14362
11,Berazategui,6,854,2,3,313,0792D,16893,12905,17106,13068
93,Ramallo,6,855,2,2,2420,797,13213,10061,13257,10095
93,Ramallo,6,856,2,2,3115,798,11225,9126,11013,8954
7,Bahia Blanca,6,857,2,6,237,80,1991,1420,2099,1497
93,Ramallo,6,858,2,2,3041,800,2089,1664,1933,1540
93,Ramallo,6,859,2,2,830,801,42,28,64,42
93,Ramallo,6,860,2,2,2241,803,4422,3712,4366,3665
93,Ramallo,6,861,2,2,996,804,643,308,626,300
96,Rojas,6,862,2,2,2495,823,18838,14785,18824,14774
96,Rojas,6,863,2,2,2489,824,57,39,61,42
96,Rojas,6,864,2,2,1346,825,94,59,98,61
96,Rojas,6,865,2,2,1823,826,127,105,131,108
96,Rojas,6,866,2,2,2418,827,825,675,867,709
96,Rojas,6,867,2,2,2762,828,50,34,60,41
96,Rojas,6,868,2,2,1483,829,40,22,46,25
7,Bahia Blanca,6,869,2,6,237,83,11129,8488,11320,8634
96,Rojas,6,870,2,2,1679,830,1075,608,1077,609
98,Saavedra,6,871,2,6,2521,839,2033,1426,2088,1465
7,Bahia Blanca,6,872,2,6,237,84,9837,7343,10040,7495
98,Saavedra,6,873,2,6,2258,840,14522,10749,14343,10617
98,Saavedra,6,874,2,6,188,841,529,417,534,421
98,Saavedra,6,875,2,6,1074,842,823,647,833,655
98,Saavedra,6,876,2,6,1255,843,502,291,499,289
98,Saavedra,6,877,2,6,896,844,260,190,256,187
7,Bahia Blanca,6,878,2,6,237,85,29038,23147,27992,22313
101,Salto,6,879,2,2,2542,854,27415,21160,27198,20993
101,Salto,6,880,2,2,191,855,1548,1188,1600,1228
101,Salto,6,881,2,2,2796,0855A,42,31,49,36
101,Salto,6,882,2,2,1167,856,704,608,676,584
101,Salto,6,883,2,2,1362,857,903,687,911,693
101,Salto,6,884,2,2,780,0857A,27,17,24,15
101,Salto,6,885,2,2,1538,0857B,115,88,120,92
101,Salto,6,886,2,2,314,858,213,153,211,152
7,Bahia Blanca,6,887,2,6,237,86,24495,19132,24211,18910
102,San Andres de Giles,6,888,2,2,2551,860,17486,13792,17528,13825
102,San Andres de Giles,6,889,2,2,3126,861,679,538,635,503
102,San Andres de Giles,6,890,2,2,2548,0862A,143,94,250,164
102,San Andres de Giles,6,891,2,2,2771,863,1060,846,1009,805
102,San Andres de Giles,6,892,2,2,219,0863A,454,349,445,342
102,San Andres de Giles,6,893,2,2,838,864,983,766,964,751
102,San Andres de Giles,6,894,2,2,3035,0864A,410,322,384,302
103,San Antonio de Areco,6,895,2,2,2553,866,17981,14062,18432,14415
103,San Antonio de Areco,6,896,2,2,2553,867,1108,856,970,749
103,San Antonio de Areco,6,897,2,2,897,869,822,682,787,653
7,Bahia Blanca,6,898,2,6,237,87,16029,11890,16073,11923
103,San Antonio de Areco,6,899,2,2,3075,870,1264,1048,1257,1042
7,Bahia Blanca,6,900,2,6,237,88,6122,4605,6073,4568
7,Bahia Blanca,6,901,2,6,237,89,8697,6941,8820,7039
7,Bahia Blanca,6,902,2,6,237,90,25,19,35,26
107,San Nicolas,6,903,2,2,2642,901,32786,24416,35243,26246
107,San Nicolas,6,904,2,2,2643,0901A,12524,9251,12372,9139
107,San Nicolas,6,905,2,2,2643,0901B,20169,15798,19715,15442
107,San Nicolas,6,906,2,2,2643,902,8682,7048,8432,6845
107,San Nicolas,6,907,2,2,2643,903,7495,5494,7428,5445
107,San Nicolas,6,908,2,2,2643,904,23351,18373,22639,17813
107,San Nicolas,6,909,2,2,2643,905,11541,8089,11301,7921
107,San Nicolas,6,910,2,2,1219,906,2420,1685,2448,1704
107,San Nicolas,6,911,2,2,668,907,1521,1224,1409,1134
107,San Nicolas,6,912,2,2,413,908,1503,1141,1377,1045
107,San Nicolas,6,913,2,2,1068,909,425,346,424,345
7,Bahia Blanca,6,914,2,6,237,91,14477,10569,13458,9825
107,San Nicolas,6,915,2,2,760,910,1816,1477,1841,1497
107,San Nicolas,6,916,2,2,1521,911,4998,4062,5010,4072
108,San Pedro,6,917,2,2,2647,913,44015,34288,43798,34119
108,San Pedro,6,918,2,2,2483,914,2196,1647,2179,1634
108,San Pedro,6,919,2,2,829,915,3031,2370,2776,2171
108,San Pedro,6,920,2,2,1236,917,2804,2327,2770,2299
108,San Pedro,6,921,2,2,3142,918,158,117,170,126
108,San Pedro,6,922,2,2,970,919,82,62,79,60
7,Bahia Blanca,6,923,2,6,237,92,9521,6506,9735,6652
108,San Pedro,6,924,2,2,2338,920,674,547,648,526
108,San Pedro,6,925,2,2,2683,922,2492,1968,2466,1947
109,San Vicente,6,926,2,3,2658,924,30160,22970,29273,22294
109,San Vicente,6,927,2,3,77,925,35978,26100,36781,26683
109,San Vicente,6,928,2,3,884,926,3422,2740,3091,2475
109,San Vicente,6,929,2,3,2658,927,39,27,48,33
7,Bahia Blanca,6,930,2,6,237,93,4554,3558,4465,3488
114,Tornquist,6,931,2,6,2854,953,8939,6309,9347,6597
114,Tornquist,6,932,2,6,568,954,646,436,642,433
114,Tornquist,6,933,2,6,2535,955,1969,1457,1913,1416
114,Tornquist,6,934,2,6,2747,0955A,3251,2245,3121,2155
114,Tornquist,6,935,2,6,3154,0955B,1044,734,1019,716
114,Tornquist,6,936,2,6,2884,956,268,169,279,176
117,Tres Arroyos,6,937,2,6,2876,964,46464,34595,47059,35038
117,Tres Arroyos,6,938,2,6,2876,968,45,29,55,35
117,Tres Arroyos,6,939,2,6,2015,969,635,488,650,500
117,Tres Arroyos,6,940,2,6,2636,970,61,48,66,52
117,Tres Arroyos,6,941,2,6,2148,972,2190,1616,2172,1603
117,Tres Arroyos,6,942,2,6,2586,973,541,422,540,421
117,Tres Arroyos,6,943,2,6,632,0973A,2168,1544,2007,1429
117,Tres Arroyos,6,944,2,6,766,975,1036,716,1026,709
117,Tres Arroyos,6,945,2,6,1752,0975A,45,34,53,40
117,Tres Arroyos,6,946,2,6,2450,0975B,751,579,681,525
