secprov,seccionId,name,circuitoId,mesasTotalizadas,cantidadElectores,anioEleccion,EN_BLANCO,JxC,LLA,NO_VOTANTES,OTROS,UxP,VOTANTES
2,1,Adolfo Alsina,00001,31,9779,2023,964,2365,1765,2746,152,1787,7033
2,1,Adolfo Alsina,00003,9,3124,2023,338,761,643,755,31,596,2369
2,1,Adolfo Alsina,00005,4,1137,2023,88,343,264,305,17,120,832
2,1,Adolfo Alsina,00006,1,99,2023,6,21,27,22,4,19,77
2,1,Adolfo Alsina,00007,2,529,2023,50,125,133,143,7,71,386
2,2,Alberti,00010,24,8038,2023,1020,2070,1266,1543,1,2138,6495
2,2,Alberti,00011,2,547,2023,18,76,64,124,3,262,423
2,2,Alberti,00012,1,254,2023,29,50,29,50,0,96,204
2,2,Alberti,00013,1,195,2023,20,53,51,19,0,52,176
2,2,Alberti,00014,2,639,2023,96,144,145,108,0,146,531
2,2,Alberti,00015,1,122,2023,12,18,10,20,0,62,102
2,3,Almirante Brown,00017,69,24107,2023,933,8474,3386,5557,936,4821,18550
2,3,Almirante Brown,00018,92,32015,2023,1796,5809,5067,7149,1535,10659,24866
2,3,Almirante Brown,00019,281,99133,2023,6725,12049,16157,23956,4139,36107,75177
2,3,Almirante Brown,00020,105,37717,2023,2029,6634,5452,11012,1537,11053,26705
2,3,Almirante Brown,00021,177,62722,2023,4310,7966,10103,15232,2812,22299,47490
2,3,Almirante Brown,00022,122,44221,2023,3253,4673,6875,12915,1532,14973,31306
2,3,Almirante Brown,0018A,166,58396,2023,4076,5499,8777,14076,2180,23788,44320
2,3,Almirante Brown,0020A,99,34589,2023,2577,3354,5771,8210,1298,13379,26379
2,3,Almirante Brown,0021A,50,17598,2023,1542,1328,2724,4865,525,6614,12733
2,3,Almirante Brown,0022A,158,56140,2023,3899,6143,8550,15375,2065,20108,40765
2,3,Almirante Brown,0022B,51,17920,2023,1174,1734,2662,5070,574,6706,12850
2,4,Avellaneda,00023,50,18304,2023,715,3908,1951,6318,496,4916,11986
2,4,Avellaneda,00024,32,10927,2023,620,2726,1519,2204,411,3447,8723
2,4,Avellaneda,00025,34,11584,2023,612,1671,1604,2876,431,4390,8708
2,4,Avellaneda,00026,19,6625,2023,500,255,457,1946,96,3371,4679
2,4,Avellaneda,00027,72,26036,2023,1609,2329,3105,7759,857,10377,18277
2,4,Avellaneda,00030,21,7699,2023,365,1458,954,2443,284,2195,5256
2,4,Avellaneda,00031,4,1340,2023,84,321,211,239,60,425,1101
2,4,Avellaneda,00032,13,4197,2023,273,772,592,794,137,1629,3403
2,4,Avellaneda,00033,35,11950,2023,622,2980,1878,2373,468,3629,9577
2,4,Avellaneda,00034,65,22832,2023,1135,3980,3228,5875,818,7796,16957
2,4,Avellaneda,00037,63,22304,2023,1123,4215,3350,4832,823,7961,17472
2,4,Avellaneda,00038,117,42039,2023,1981,7502,5468,11981,1390,13717,30058
2,4,Avellaneda,00039,165,58915,2023,3402,8071,7987,14918,1703,22834,43997
2,4,Avellaneda,00040,213,75770,2023,3949,14381,11163,19034,2618,24625,56736
2,5,Ayacucho,00046,55,18165,2023,2792,4476,2474,4214,358,3851,13951
2,5,Ayacucho,00050,2,79,2023,9,16,4,38,2,10,41
2,5,Ayacucho,00052,1,75,2023,5,30,15,12,5,8,63
2,5,Ayacucho,00055,1,107,2023,8,38,23,35,1,2,72
2,5,Ayacucho,00056,2,120,2023,12,26,20,47,3,12,73
2,5,Ayacucho,00057,1,22,2023,0,5,0,15,0,2,7
2,6,Azul,00060,152,52473,2023,5882,10131,10507,12067,1387,12499,40406
2,6,Azul,00061,1,79,2023,3,25,22,21,0,8,58
2,6,Azul,00062,9,2925,2023,230,661,658,991,42,343,1934
2,6,Azul,00063,1,25,2023,0,6,2,16,1,0,9
2,6,Azul,00065,1,32,2023,2,8,7,10,1,4,22
2,6,Azul,00066,2,108,2023,12,25,24,31,1,15,77
2,6,Azul,00067,11,3297,2023,289,735,586,1116,48,523,2181
2,6,Azul,0062A,1,109,2023,5,31,26,37,1,9,72
2,6,Azul,0062B,1,101,2023,6,25,23,33,3,11,68
2,7,Bahia Blanca,00072,35,12944,2023,712,2862,1989,5015,406,1960,7929
2,7,Bahia Blanca,00073,74,27141,2023,1649,4835,4560,10400,777,4920,16741
2,7,Bahia Blanca,00074,60,20732,2023,1839,3403,4604,5445,824,4617,15287
2,7,Bahia Blanca,00075,26,8825,2023,576,2110,2097,1899,332,1811,6926
2,7,Bahia Blanca,00076,116,40359,2023,3399,6641,9973,9518,1578,9250,30841
2,7,Bahia Blanca,00077,14,4651,2023,467,649,1329,999,168,1039,3652
2,7,Bahia Blanca,00078,15,4921,2023,299,1380,1028,1044,164,1006,3877
2,7,Bahia Blanca,00079,20,6755,2023,484,1702,1442,1516,205,1406,5239
2,7,Bahia Blanca,00080,7,2099,2023,172,566,423,602,50,286,1497
2,7,Bahia Blanca,00083,33,11320,2023,602,3662,2011,2686,357,2002,8634
2,7,Bahia Blanca,00084,29,10040,2023,596,2987,1811,2545,392,1709,7495
2,7,Bahia Blanca,00085,80,27992,2023,1977,7055,6416,5679,1086,5779,22313
2,7,Bahia Blanca,00086,70,24211,2023,1795,5397,5540,5301,1018,5160,18910
2,7,Bahia Blanca,00087,46,16073,2023,1520,2361,3496,4150,625,3921,11923
2,7,Bahia Blanca,00088,18,6073,2023,543,908,1574,1505,191,1352,4568
2,7,Bahia Blanca,00089,26,8820,2023,546,2872,1815,1781,279,1527,7039
2,7,Bahia Blanca,00090,1,35,2023,1,8,10,9,3,4,26
2,7,Bahia Blanca,00091,39,13458,2023,1360,1489,3240,3633,530,3206,9825
2,7,Bahia Blanca,00092,28,9735,2023,888,1130,1735,3083,322,2577,6652
2,7,Bahia Blanca,00093,13,4465,2023,579,588,1002,977,127,1192,3488
2,8,Balcarce,00098,114,39642,2023,4628,10308,7843,9362,728,6773,30280
2,8,Balcarce,00099,2,614,2023,59,153,143,169,16,74,445
2,8,Balcarce,00100,1,280,2023,0,90,55,94,12,29,186
2,8,Balcarce,00101,2,490,2023,16,108,99,190,9,68,300
2,8,Balcarce,00102,1,118,2023,6,30,18,52,3,9,66
2,8,Balcarce,00103,1,128,2023,14,30,31,39,3,11,89
2,8,Balcarce,00104,1,262,2023,19,73,63,72,7,28,190
2,8,Balcarce,0103A,1,296,2023,25,68,99,65,7,32,231
2,9,Baradero,00105,68,23580,2023,2248,3603,3950,5803,487,7489,17777
2,9,Baradero,00106,2,497,2023,47,109,99,101,9,132,396
2,9,Baradero,00107,18,5540,2023,519,438,1051,1370,91,2071,4170
2,9,Baradero,00110,2,474,2023,49,90,91,74,3,167,400
2,9,Baradero,00111,1,244,2023,22,40,53,47,6,76,197
2,9,Baradero,00113,5,1342,2023,137,177,256,279,15,478,1063
2,10,Arrecifes,00117,71,24589,2023,2369,5740,4241,5303,365,6571,19286
2,10,Arrecifes,00118,2,664,2023,29,75,83,370,4,103,294
2,10,Arrecifes,00120,2,465,2023,32,135,104,87,5,102,378
2,10,Arrecifes,0117A,1,71,2023,7,24,17,13,1,9,58
2,10,Arrecifes,0117B,2,462,2023,7,50,44,304,1,56,158
2,11,Berazategui,00789,110,38454,2023,2519,4253,6677,9129,1582,14294,29325
2,11,Berazategui,00790,66,22739,2023,1608,3932,4364,4157,939,7739,18582
2,11,Berazategui,00792,69,24435,2023,1577,3462,4183,6210,779,8224,18225
2,11,Berazategui,0789A,99,35179,2023,2631,3952,6180,7850,1275,13291,27329
2,11,Berazategui,0789B,50,17252,2023,1045,2547,3143,3703,760,6054,13549
2,11,Berazategui,0789C,69,25802,2023,1314,4174,3768,8817,769,6960,16985
2,11,Berazategui,0789D,56,19387,2023,1460,2033,3345,3397,797,8355,15990
2,11,Berazategui,0789E,48,16567,2023,1105,2740,3181,3023,741,5777,13544
2,11,Berazategui,0789F,38,13132,2023,808,2469,2518,2226,556,4555,10906
2,11,Berazategui,0790A,31,10810,2023,715,1363,2044,2452,401,3835,8358
2,11,Berazategui,0792A,49,17047,2023,1289,2505,3173,3750,633,5697,13297
2,11,Berazategui,0792B,37,12900,2023,992,1214,2425,3227,443,4599,9673
2,11,Berazategui,0792C,50,17313,2023,1292,2095,3228,2951,673,7074,14362
2,11,Berazategui,0792D,49,17106,2023,1262,2030,2922,4038,681,6173,13068
2,12,Berisso,00511,21,7209,2023,614,1216,1146,1318,250,2665,5891
2,12,Berisso,00512,63,21991,2023,1655,4076,2999,4600,688,7973,17391
2,12,Berisso,00513,95,33482,2023,2462,5253,4828,7892,1211,11836,25590
2,12,Berisso,0513A,68,24506,2023,1707,3374,4164,6770,1055,7436,17736
2,13,Bolivar,00125,78,27251,2023,2845,6917,4455,5526,509,6999,21725
2,13,Bolivar,00126,1,40,2023,0,10,11,15,2,2,25
2,13,Bolivar,00127,1,230,2023,16,58,25,50,4,77,180
2,13,Bolivar,00128,1,53,2023,1,16,8,20,2,6,33
2,13,Bolivar,00129,1,52,2023,5,9,11,17,0,10,35
2,13,Bolivar,00131,1,40,2023,1,8,6,11,0,14,29
2,13,Bolivar,00132,8,2530,2023,243,817,375,557,30,508,1973
2,13,Bolivar,00133,4,1374,2023,115,394,215,274,23,353,1100
2,13,Bolivar,0125A,1,37,2023,2,10,12,11,1,1,26
2,13,Bolivar,0131A,1,54,2023,2,16,6,19,2,9,35
2,14,Bragado,00136,94,32655,2023,3578,7739,5152,7619,230,8337,25036
2,14,Bragado,00137,4,1056,2023,135,179,177,200,0,365,856
2,14,Bragado,00138,1,123,2023,15,34,18,24,2,30,99
2,14,Bragado,00139,1,18,2023,0,2,0,9,0,7,9
2,14,Bragado,00140,2,608,2023,54,169,113,104,2,166,504
2,14,Bragado,00141,1,220,2023,33,49,31,40,1,66,180
2,14,Bragado,00142,1,72,2023,10,20,8,16,2,16,56
2,14,Bragado,00143,7,2214,2023,182,405,418,566,2,641,1648
2,14,Bragado,00144,2,399,2023,27,147,87,85,2,51,314
2,14,Bragado,00145,2,362,2023,29,97,110,73,2,51,289
2,15,Brandsen,00148,65,22717,2023,2045,5033,4051,4740,487,6361,17977
2,15,Brandsen,00149,1,289,2023,15,97,51,68,3,55,221
2,15,Brandsen,00150,7,2328,2023,239,603,433,337,49,667,1991
2,15,Brandsen,00151,4,1176,2023,97,270,270,231,14,294,945
2,15,Brandsen,00152,1,323,2023,27,68,53,74,3,98,249
2,15,Brandsen,00153,1,305,2023,26,66,98,56,7,52,249
2,15,Brandsen,0153A,1,256,2023,21,73,48,61,9,44,195
2,16,Campana,00155,58,20272,2023,1692,6240,3072,4246,544,4478,16026
2,16,Campana,00156,50,17527,2023,2340,3205,2414,4841,403,4324,12686
2,16,Campana,0155A,56,20511,2023,1497,6007,3056,5434,579,3938,15077
2,16,Campana,0156A,55,19191,2023,1957,4714,3505,3952,598,4465,15239
2,16,Campana,0156B,35,12272,2023,1604,2457,2000,2679,332,3200,9593
2,17,Canuelas,00157,99,35521,2023,2052,6191,6581,10075,1034,9588,25446
2,17,Canuelas,00158,12,3900,2023,292,836,761,774,145,1092,3126
2,17,Canuelas,00159,4,1389,2023,100,292,263,283,57,394,1106
2,17,Canuelas,00160,1,168,2023,16,26,22,34,11,59,134
2,17,Canuelas,00162,1,197,2023,17,29,35,55,3,58,142
2,17,Canuelas,0158A,23,7929,2023,644,560,1408,1367,292,3658,6562
2,17,Canuelas,0158B,15,5162,2023,364,444,1064,1172,137,1981,3990
2,18,Capitan Sarmiento,00121,39,13465,2023,1586,3734,2733,2721,160,2531,10744
2,18,Capitan Sarmiento,00122,1,295,2023,35,83,49,64,0,64,231
2,19,Carlos Casares,00164,52,18158,2023,2477,3497,3680,3967,90,4447,14191
2,19,Carlos Casares,00165,2,591,2023,72,115,164,115,2,123,476
2,19,Carlos Casares,00166,1,186,2023,17,29,65,40,3,32,146
2,19,Carlos Casares,00167,2,506,2023,38,93,140,84,4,147,422
2,19,Carlos Casares,0164A,1,35,2023,4,6,3,14,2,6,21
2,19,Carlos Casares,0165A,1,90,2023,14,14,22,20,3,17,70
2,19,Carlos Casares,0165B,2,474,2023,45,77,92,106,4,150,368
2,19,Carlos Casares,0166A,1,136,2023,20,16,35,45,2,18,91
2,19,Carlos Casares,0167A,1,247,2023,23,50,42,74,2,56,173
2,20,Carlos Tejedor,00169,17,5513,2023,709,1133,634,827,22,2188,4686
2,20,Carlos Tejedor,00170,2,512,2023,38,151,54,91,1,177,421
2,20,Carlos Tejedor,00171,2,427,2023,55,101,66,46,1,158,381
2,20,Carlos Tejedor,00172,2,638,2023,108,108,76,94,2,250,544
2,20,Carlos Tejedor,00173,10,3170,2023,320,1036,378,450,3,983,2720
2,21,Carmen de Areco,00175,39,13233,2023,1661,2682,2320,2476,116,3978,10757
2,21,Carmen de Areco,00176,2,549,2023,66,93,106,113,2,169,436
2,21,Carmen de Areco,00177,1,190,2023,20,40,31,40,1,58,150
2,22,Patagones,00729,59,20611,2023,1882,3792,3411,5581,473,5472,15030
2,22,Patagones,00730,1,120,2023,8,27,18,38,2,27,82
2,22,Patagones,00731,7,2154,2023,176,543,372,587,34,442,1567
2,22,Patagones,00732,15,5020,2023,381,1048,1361,1387,55,788,3633
2,22,Patagones,00733,4,1149,2023,103,264,357,238,13,174,911
2,22,Patagones,0731A,3,832,2023,50,209,171,241,13,148,591
2,23,Castelli,00185,25,7939,2023,749,1640,1059,1776,96,2619,6163
2,23,Castelli,00187,1,154,2023,10,52,11,33,2,46,121
2,24,Colon,00230,63,21819,2023,2669,4404,3178,4653,329,6586,17166
2,24,Colon,00231,1,243,2023,19,41,37,52,2,92,191
2,24,Colon,0230A,1,82,2023,7,29,12,20,0,14,62
2,24,Colon,0231A,1,258,2023,33,50,53,50,6,66,208
2,25,Coronel Dorrego,00232,32,10939,2023,1488,3074,1696,2232,156,2293,8707
2,25,Coronel Dorrego,00233,2,61,2023,2,23,11,18,2,5,43
2,25,Coronel Dorrego,00234,1,145,2023,9,54,32,33,3,14,112
2,25,Coronel Dorrego,00235,1,27,2023,0,9,8,10,0,0,17
2,25,Coronel Dorrego,00236,1,136,2023,13,41,16,35,3,28,101
2,25,Coronel Dorrego,00237,3,890,2023,112,242,101,175,21,239,715
2,25,Coronel Dorrego,00238,6,1787,2023,160,552,282,396,25,372,1391
2,25,Coronel Dorrego,0236A,1,27,2023,4,5,9,5,2,2,22
2,25,Coronel Dorrego,0237A,1,67,2023,3,15,17,24,1,7,43
2,26,Coronel Pringles,00240,57,19701,2023,2203,4646,3728,5596,557,2971,14105
2,26,Coronel Pringles,00243,3,941,2023,77,217,217,290,11,129,651
2,26,Coronel Pringles,00246,1,73,2023,0,19,15,26,6,7,47
2,27,Coronel de Marina L. Rosales,00248,51,16855,2023,1416,4179,4108,4178,336,2638,12677
2,27,Coronel de Marina L. Rosales,00249,1,262,2023,22,71,85,50,7,27,212
2,27,Coronel de Marina L. Rosales,0248A,2,547,2023,36,120,107,147,10,127,400
2,27,Coronel de Marina L. Rosales,0248B,1,125,2023,0,25,38,54,0,8,71
2,27,Coronel de Marina L. Rosales,0248C,39,12997,2023,1530,2727,3693,2769,263,2015,10228
2,27,Coronel de Marina L. Rosales,0248D,17,5682,2023,643,995,1466,1667,79,832,4015
2,27,Coronel de Marina L. Rosales,0248E,32,10338,2023,1109,2730,2998,1872,169,1460,8466
2,27,Coronel de Marina L. Rosales,0248F,4,1160,2023,77,306,420,260,24,73,900
2,27,Coronel de Marina L. Rosales,0249A,5,1639,2023,123,413,448,386,43,226,1253
2,27,Coronel de Marina L. Rosales,0249B,1,280,2023,17,52,87,63,6,55,217
2,28,Coronel Suarez,00252,68,23665,2023,2652,5690,4326,5387,686,4924,18278
2,28,Coronel Suarez,00253,5,1687,2023,244,272,316,352,41,462,1335
2,28,Coronel Suarez,00254,14,4785,2023,493,1236,956,1281,96,723,3504
2,28,Coronel Suarez,00255,1,44,2023,2,24,4,10,1,3,34
2,28,Coronel Suarez,00258,1,216,2023,39,27,49,57,5,39,159
2,28,Coronel Suarez,0255A,2,48,2023,6,11,13,13,2,3,35
2,28,Coronel Suarez,0256A,1,232,2023,18,49,46,59,19,41,173
2,28,Coronel Suarez,0258A,7,2285,2023,274,364,546,481,81,539,1804
2,28,Coronel Suarez,0258B,7,2330,2023,268,263,404,762,56,577,1568
2,28,Coronel Suarez,0258C,1,157,2023,20,30,35,45,0,27,112
2,29,Chacabuco,00189,115,40393,2023,3649,7508,8357,7607,289,12983,32786
2,29,Chacabuco,00190,4,1238,2023,111,415,240,237,9,226,1001
2,29,Chacabuco,00191,2,73,2023,8,15,18,17,3,12,56
2,29,Chacabuco,00193,2,135,2023,13,41,29,34,0,18,101
2,29,Chacabuco,00195,2,92,2023,5,16,26,28,0,17,64
2,29,Chacabuco,00197,6,1825,2023,186,443,315,322,2,557,1503
2,29,Chacabuco,00198,2,579,2023,49,162,71,109,3,185,470
2,29,Chacabuco,0196A,1,67,2023,8,17,13,9,2,18,58
2,30,Chascomus,00201,93,32354,2023,4260,8074,4964,7243,596,7217,25111
2,30,Chascomus,00202,4,1073,2023,188,249,167,211,11,247,862
2,30,Chascomus,00203,6,1817,2023,157,288,229,674,77,392,1143
2,30,Chascomus,00204,1,101,2023,8,41,15,27,4,6,74
2,30,Chascomus,00205,3,143,2023,15,51,15,44,3,15,99
2,30,Chascomus,00209,2,448,2023,33,144,64,82,13,112,366
2,31,Chivilcoy,00211,166,58052,2023,11488,9652,9856,12117,219,14720,45935
2,31,Chivilcoy,00212,2,141,2023,29,25,23,34,1,29,107
2,31,Chivilcoy,00215,2,124,2023,23,33,19,29,1,19,95
2,31,Chivilcoy,00216,1,117,2023,30,11,25,31,1,19,86
2,31,Chivilcoy,00218,2,404,2023,83,74,69,89,0,89,315
2,31,Chivilcoy,00219,1,75,2023,0,22,12,30,2,9,45
2,31,Chivilcoy,00220,1,156,2023,0,0,0,156,0,0,0
2,31,Chivilcoy,00221,1,166,2023,28,32,47,45,0,14,121
2,31,Chivilcoy,00222,7,2341,2023,524,496,489,448,4,380,1893
2,31,Chivilcoy,00224,1,255,2023,0,0,0,255,0,0,0
2,31,Chivilcoy,00226,1,44,2023,0,10,7,23,2,2,21
2,32,Daireaux,00179,37,12577,2023,1544,3084,1898,2657,155,3239,9920
2,32,Daireaux,00180,2,594,2023,64,159,165,94,6,106,500
2,32,Daireaux,00181,1,152,2023,26,30,33,36,3,24,116
2,32,Daireaux,00182,1,67,2023,5,24,5,16,5,12,51
2,32,Daireaux,00183,6,2004,2023,187,491,336,407,15,568,1597
2,33,Dolores,00282,75,25633,2023,2796,7421,3707,4687,333,6689,20946
2,33,Dolores,00285,1,171,2023,22,39,27,30,7,46,141
2,34,Ensenada,00490,39,13353,2023,973,1833,1918,3438,388,4803,9915
2,34,Ensenada,00491,99,35249,2023,2019,4553,4815,8180,1170,14512,27069
2,34,Ensenada,00492,1,193,2023,17,13,28,53,9,73,140
2,34,Ensenada,0491A,36,12519,2023,869,1171,1794,2861,406,5418,9658
2,35,Escobar,00773,95,33963,2023,2959,4383,7691,8680,1019,9231,25283
2,35,Escobar,00774,174,61787,2023,4823,11069,13195,16090,1875,14735,45697
2,35,Escobar,00775,52,18461,2023,1225,3427,3708,4069,664,5368,14392
2,35,Escobar,0773A,204,72440,2023,5771,8762,13523,18063,2211,24110,54377
2,35,Escobar,0773B,69,23921,2023,2254,1978,3589,5757,611,9732,18164
2,36,Esteban Echeverria,00286,14,4912,2023,443,377,883,1571,138,1500,3341
2,36,Esteban Echeverria,00287,75,26713,2023,1946,2816,4876,6364,1007,9704,20349
2,36,Esteban Echeverria,00288,101,38662,2023,2082,7398,5985,12601,1229,9367,26061
2,36,Esteban Echeverria,00291,44,15358,2023,946,3479,3043,3083,667,4140,12275
2,36,Esteban Echeverria,0286A,103,37968,2023,2663,2802,6195,11962,1124,13222,26006
2,36,Esteban Echeverria,0287A,57,20154,2023,1624,2487,4031,4386,804,6822,15768
2,36,Esteban Echeverria,0287B,19,6662,2023,284,1746,1348,2040,161,1083,4622
2,36,Esteban Echeverria,0287C,55,19270,2023,1707,1651,3257,5181,718,6756,14089
2,36,Esteban Echeverria,0287D,70,24316,2023,2204,2687,4741,4801,1028,8855,19515
2,36,Esteban Echeverria,0288A,56,20380,2023,939,4336,3579,5368,822,5336,15012
2,36,Esteban Echeverria,0288B,91,32494,2023,2633,3800,5898,7740,1297,11126,24754
2,36,Esteban Echeverria,0291A,68,25171,2023,1621,3343,3899,7407,818,8083,17764
2,37,Exaltacion de la Cruz,00292,32,10795,2023,1165,2175,1988,2621,200,2646,8174
2,37,Exaltacion de la Cruz,00293,37,12781,2023,1113,2244,2841,3060,311,3212,9721
2,37,Exaltacion de la Cruz,00294,12,3913,2023,327,689,725,920,168,1084,2993
2,37,Exaltacion de la Cruz,00295,18,6309,2023,469,1376,1226,1587,169,1482,4722
2,37,Exaltacion de la Cruz,00297,2,549,2023,51,109,105,126,13,145,423
2,37,Exaltacion de la Cruz,00298,1,318,2023,27,77,89,82,4,39,236
2,38,Florencio Varela,00302,343,124017,2023,7932,13913,19267,36798,4044,42063,87219
2,38,Florencio Varela,00303,15,5131,2023,444,380,971,1431,160,1745,3700
2,38,Florencio Varela,0302A,137,48682,2023,4560,2913,7013,13521,1352,19323,35161
2,38,Florencio Varela,0302B,76,26745,2023,2541,1869,3909,6852,849,10725,19893
2,38,Florencio Varela,0302C,100,35043,2023,2646,3534,6088,8277,1303,13195,26766
2,38,Florencio Varela,0302D,57,19870,2023,1489,1671,3473,4609,673,7955,15261
2,38,Florencio Varela,0302E,151,53674,2023,4965,3943,8585,14237,1854,20090,39437
2,38,Florencio Varela,0302F,18,6237,2023,701,474,1129,1266,248,2419,4971
2,38,Florencio Varela,0303A,31,10476,2023,1036,743,1782,2825,247,3843,7651
2,38,Florencio Varela,0303B,93,33150,2023,3460,2185,5250,9590,931,11734,23560
2,39,General Alvarado,00305,89,30640,2023,2214,6884,4779,7657,707,8399,22983
2,39,General Alvarado,00306,20,6554,2023,734,1420,1317,1299,100,1684,5255
2,39,General Alvarado,00307,5,1475,2023,148,493,232,301,56,245,1174
2,39,General Alvarado,00308,3,755,2023,37,121,87,351,14,145,404
2,39,General Alvarado,00309,1,71,2023,7,16,12,23,3,10,48
2,40,General Alvear,00310,28,8885,2023,964,2494,1248,1899,63,2217,6986
2,40,General Alvear,00311,1,80,2023,5,22,4,28,2,19,52
2,40,General Alvear,00312,1,103,2023,6,34,15,30,1,17,73
2,41,General Arenales,00314,18,5486,2023,637,1498,984,1324,15,1028,4162
2,41,General Arenales,00315,1,166,2023,12,44,28,57,2,23,109
2,41,General Arenales,00316,13,4476,2023,357,1364,970,930,15,840,3546
2,41,General Arenales,00317,7,2148,2023,256,684,349,383,12,464,1765
2,41,General Arenales,00318,9,2882,2023,289,767,457,635,4,730,2247
2,41,General Arenales,0316A,1,323,2023,27,95,67,55,0,79,268
2,42,General Belgrano,00320,48,16666,2023,1778,4637,2458,3605,240,3948,13061
2,42,General Belgrano,00322,1,118,2023,1,22,34,32,4,25,86
2,42,General Belgrano,00324,2,294,2023,16,63,36,77,5,97,217
2,43,General Guido,00326,8,1890,2023,234,468,172,404,19,593,1486
2,43,General Guido,00327,4,1068,2023,123,322,47,152,6,418,916
2,44,General La Madrid,00330,26,8666,2023,1091,2050,1371,2392,176,1586,6274
2,44,General La Madrid,00332,1,266,2023,32,58,48,54,9,65,212
2,44,General La Madrid,00334,2,607,2023,79,172,104,141,14,97,466
2,44,General La Madrid,00335,1,313,2023,28,101,53,58,7,66,255
2,44,General La Madrid,00336,1,58,2023,8,8,8,21,4,9,37
2,45,General Las Heras,00547,38,12831,2023,1238,2705,2060,2533,274,4021,10298
2,45,General Las Heras,00548,4,1376,2023,114,261,234,203,37,527,1173
2,45,General Las Heras,0548A,1,314,2023,26,73,49,55,5,106,259
2,46,General Lavalle,00338,10,3291,2023,206,880,350,1089,27,739,2202
2,46,General Lavalle,0338A,5,1601,2023,104,419,276,331,33,438,1270
2,46,General Lavalle,0338B,2,545,2023,38,171,84,109,10,133,436
2,47,General Juan Madariaga,00340,57,19760,2023,2617,4876,3067,5112,416,3672,14648
2,47,General Juan Madariaga,00341,1,35,2023,1,4,7,19,2,2,16
2,47,General Juan Madariaga,00342,1,65,2023,2,15,5,35,2,6,30
2,47,General Juan Madariaga,00343,1,103,2023,0,22,15,50,6,10,53
2,48,General Paz,00345,30,9736,2023,697,1930,1685,2219,122,3083,7517
2,48,General Paz,00348,3,868,2023,58,187,144,156,19,304,712
2,48,General Paz,00349,1,59,2023,5,9,11,14,2,18,45
2,48,General Paz,00350,1,42,2023,1,13,7,16,3,2,26
2,48,General Paz,00351,4,1075,2023,102,219,229,180,13,332,895
2,48,General Paz,00352,1,126,2023,11,56,14,20,3,22,106
2,49,General Pinto,00354,21,7065,2023,684,1676,917,1192,44,2552,5873
2,49,General Pinto,00357,4,1385,2023,150,325,76,211,5,618,1174
2,49,General Pinto,00358,1,65,2023,0,11,4,23,1,26,42
2,49,General Pinto,00359,4,1088,2023,94,316,197,198,3,280,890
2,49,General Pinto,00360,2,702,2023,60,171,123,109,1,238,593
2,50,General Pueyrredon,00364,21,7359,2023,469,1880,1352,2076,218,1364,5283
2,50,General Pueyrredon,00365,65,22481,2023,1750,4502,4036,5693,834,5666,16788
2,50,General Pueyrredon,00366,248,87274,2023,3634,29402,12002,26285,2440,13511,60989
2,50,General Pueyrredon,00367,209,73759,2023,3432,22250,10903,20922,2559,13693,52837
2,50,General Pueyrredon,00368,31,10648,2023,863,1294,1958,2833,421,3279,7815
2,50,General Pueyrredon,00369,25,8930,2023,706,1515,1864,2581,272,1992,6349
2,50,General Pueyrredon,00370,62,21407,2023,1357,3891,4212,5783,888,5276,15624
2,50,General Pueyrredon,0364A,69,24038,2023,1522,5678,4333,6867,930,4708,17171
2,50,General Pueyrredon,0364B,49,16680,2023,1207,3481,2970,4575,585,3862,12105
2,50,General Pueyrredon,0364C,49,16902,2023,1212,4325,3638,3690,673,3364,13212
2,50,General Pueyrredon,0364D,120,42391,2023,3692,6639,7676,11929,1547,10908,30462
2,50,General Pueyrredon,0364E,84,29137,2023,2598,3988,4996,7940,992,8623,21197
2,50,General Pueyrredon,0365A,63,22176,2023,1794,2788,3738,7016,656,6184,15160
2,50,General Pueyrredon,0365B,27,9427,2023,946,1011,1933,2185,343,3009,7242
2,50,General Pueyrredon,0365C,63,21831,2023,1373,5048,3900,5626,820,5064,16205
2,50,General Pueyrredon,0365D,50,17251,2023,1392,2877,3356,3967,654,5005,13284
2,50,General Pueyrredon,0365E,51,17994,2023,1659,2196,3054,4994,652,5439,13000
2,50,General Pueyrredon,0365F,48,16663,2023,841,4866,2849,3692,664,3751,12971
2,50,General Pueyrredon,0366A,165,58022,2023,3183,15227,8491,15907,2420,12794,42115
2,50,General Pueyrredon,0368A,10,3145,2023,223,395,615,941,104,867,2204
2,50,General Pueyrredon,0368B,19,6343,2023,553,1201,1189,1495,239,1666,4848
2,50,General Pueyrredon,0368C,1,73,2023,8,14,12,22,0,17,51
2,50,General Pueyrredon,0370A,21,7223,2023,487,1086,1389,1749,320,2192,5474
2,50,General Pueyrredon,0370B,5,1473,2023,111,128,197,576,31,430,897
2,50,General Pueyrredon,0370C,5,1441,2023,74,250,202,469,72,374,972
2,50,General Pueyrredon,0370D,5,1575,2023,76,239,275,450,73,462,1125
2,50,General Pueyrredon,0370E,22,7544,2023,584,693,1092,2846,202,2127,4698
2,50,General Pueyrredon,0370F,64,22411,2023,2215,2067,3538,6575,813,7203,15836
2,50,General Pueyrredon,0370G,39,13258,2023,1381,1452,2776,3867,380,3402,9391
2,51,General Rodriguez,00374,288,103874,2023,8836,12982,17317,29995,2448,32296,73879
2,52,General San Martin,00376,102,37695,2023,1441,7149,4788,14992,1193,8132,22703
2,52,General San Martin,00377,103,35933,2023,1668,8631,6305,8007,1527,9795,27926
2,52,General San Martin,00378,93,33304,2023,1449,5859,4904,10264,1260,9568,23040
2,52,General San Martin,00379,76,26906,2023,1302,5219,4308,7992,955,7130,18914
2,52,General San Martin,00380,57,20117,2023,958,3793,3299,6285,677,5105,13832
2,52,General San Martin,00381,173,64010,2023,2706,8720,8792,24055,1917,17820,39955
2,52,General San Martin,00382,24,8134,2023,441,2212,1535,1575,374,1997,6559
2,52,General San Martin,00383,20,6903,2023,315,2160,1186,1316,282,1644,5587
2,52,General San Martin,00384,54,18883,2023,928,3447,3048,5182,753,5525,13701
2,52,General San Martin,00388,228,80059,2023,4385,9758,13088,22984,2606,27238,57075
2,52,General San Martin,0377A,181,65229,2023,3270,9077,9479,21801,2131,19471,43428
2,53,San Miguel,00397,174,62215,2023,3387,14156,10156,18145,2299,14072,44070
2,53,San Miguel,00400,80,27607,2023,1591,7797,4890,6327,1043,5959,21280
2,53,San Miguel,00401,4,919,2023,65,201,314,249,18,72,670
2,53,San Miguel,00402,87,30205,2023,2563,6403,5286,6664,872,8417,23541
2,53,San Miguel,0397A,69,23982,2023,2055,4553,4170,4986,966,7252,18996
2,53,San Miguel,0397B,109,38123,2023,3853,5294,6058,7929,1397,13592,30194
2,53,San Miguel,0397C,99,34449,2023,3466,5370,5398,7214,1162,11839,27235
2,53,San Miguel,0401A,118,42663,2023,2341,11629,6554,12346,1308,8485,30317
2,54,General Viamonte,00404,41,13436,2023,1489,3618,1995,2465,41,3828,10971
2,54,General Viamonte,00405,1,186,2023,12,46,31,58,0,39,128
2,54,General Viamonte,00406,1,235,2023,26,64,33,57,1,54,178
2,54,General Viamonte,00407,1,90,2023,7,33,15,20,1,14,70
2,54,General Viamonte,00408,5,1688,2023,103,456,288,311,2,528,1377
2,54,General Viamonte,00409,1,331,2023,25,117,70,64,0,55,267
2,55,General Villegas,00411,52,17972,2023,2571,4181,3825,4315,101,2979,13657
2,55,General Villegas,00412,1,66,2023,6,9,8,21,0,22,45
2,55,General Villegas,00413,4,1058,2023,199,271,214,201,3,170,857
2,55,General Villegas,00414,1,221,2023,26,72,32,52,2,37,169
2,55,General Villegas,00415,6,1828,2023,279,477,385,454,5,228,1374
2,55,General Villegas,00416,6,2063,2023,299,547,426,496,4,291,1567
2,55,General Villegas,00417,1,282,2023,24,70,63,89,2,34,193
2,55,General Villegas,00418,4,1131,2023,259,292,191,241,2,146,890
2,55,General Villegas,00419,2,400,2023,50,93,53,111,1,92,289
2,55,General Villegas,00420,2,622,2023,82,173,157,125,1,84,497
2,55,General Villegas,00421,1,204,2023,23,53,33,34,1,60,170
2,56,Adolfo Gonzales Chaves,00424,27,8975,2023,1436,1613,1433,1947,163,2383,7028
2,56,Adolfo Gonzales Chaves,00427,5,1729,2023,222,355,185,578,16,373,1151
2,56,Adolfo Gonzales Chaves,00428,1,232,2023,51,43,26,48,3,61,184
2,57,Guamini,00430,10,3047,2023,305,803,459,702,38,740,2345
2,57,Guamini,00431,13,4455,2023,399,842,576,1265,35,1338,3190
2,57,Guamini,00432,5,1683,2023,176,437,300,305,17,448,1378
2,57,Guamini,00433,1,153,2023,11,50,16,43,5,28,110
2,57,Guamini,00434,3,879,2023,90,277,102,129,3,278,750
2,58,Hipolito Yrigoyen,00742,26,8228,2023,931,1884,1241,1937,44,2191,6291
2,58,Hipolito Yrigoyen,0742B,1,106,2023,22,16,21,17,2,28,89
2,59,Benito Juarez,00436,44,14780,2023,2526,2158,2290,3093,279,4434,11687
2,59,Benito Juarez,00437,2,123,2023,27,22,12,32,2,28,91
2,59,Benito Juarez,00439,9,2850,2023,471,337,477,676,54,835,2174
2,59,Benito Juarez,00440,1,203,2023,38,15,44,53,3,50,150
2,59,Benito Juarez,00441,1,170,2023,22,0,0,147,1,0,23
2,60,Junin,00444,203,71006,2023,7523,17430,11703,16456,360,17534,54550
2,60,Junin,00445,13,4404,2023,549,709,895,951,15,1285,3453
2,60,Junin,00446,10,2879,2023,347,586,577,666,15,688,2213
2,60,Junin,00447,5,1751,2023,195,398,293,345,15,505,1406
2,60,Junin,00448,1,137,2023,8,76,20,17,2,14,120
2,60,Junin,00449,1,51,2023,2,21,10,16,0,2,35
2,60,Junin,00450,3,874,2023,87,274,171,155,1,186,719
2,60,Junin,00451,3,994,2023,108,268,188,200,2,228,794
2,60,Junin,00452,2,420,2023,28,111,100,70,0,111,350
2,60,Junin,00453,1,35,2023,2,14,3,7,1,8,28
2,60,Junin,00454,1,107,2023,0,24,25,33,0,25,74
2,60,Junin,00456,1,277,2023,27,72,68,68,1,41,209
2,61,La Matanza,00626,148,51639,2023,2552,11926,9127,10771,2713,14550,40868
2,61,La Matanza,00627,61,22909,2023,1035,3646,3272,8588,906,5462,14321
2,61,La Matanza,00628,156,56008,2023,2057,16062,8653,14976,2580,11680,41032
2,61,La Matanza,00629,98,35112,2023,1835,3803,5546,9312,1575,13041,25800
2,61,La Matanza,00630,100,34823,2023,1632,8885,5759,7742,1822,8983,27081
2,61,La Matanza,00631,97,35767,2023,1701,5499,5301,11508,1565,10193,24259
2,61,La Matanza,00632,34,12160,2023,610,2231,2301,3069,554,3395,9091
2,61,La Matanza,00633,205,77749,2023,3641,10143,12493,28788,2921,19763,48961
2,61,La Matanza,00634,85,29810,2023,1751,5016,5217,6873,1318,9635,22937
2,61,La Matanza,00635,320,115029,2023,7613,8099,16235,30909,3711,48462,84120
2,61,La Matanza,0626A,109,38012,2023,2338,6067,6739,8762,1836,12270,29250
2,61,La Matanza,0629A,165,59036,2023,3754,5769,9241,14324,2444,23504,44712
2,61,La Matanza,0629B,117,40807,2023,2777,3688,6438,8432,1685,17787,32375
2,61,La Matanza,0631A,138,50192,2023,3319,4906,6887,15048,1691,18341,35144
2,61,La Matanza,0631B,28,9671,2023,481,2039,1753,2437,392,2569,7234
2,61,La Matanza,0631C,79,31030,2023,1350,2525,3836,12612,971,9736,18418
2,61,La Matanza,0631D,126,46368,2023,2659,4780,6367,15043,1651,15868,31325
2,61,La Matanza,0632A,36,12414,2023,777,1928,2323,2437,623,4326,9977
2,61,La Matanza,0632B,11,3615,2023,228,734,737,622,177,1117,2993
2,61,La Matanza,0635A,323,119387,2023,7847,8617,15309,37191,3501,46922,82196
2,61,La Matanza,0635B,354,128506,2023,8147,10388,18545,35371,4607,51448,93135
2,61,La Matanza,0635C,168,59042,2023,4432,4174,9146,12402,2009,26879,46640
2,61,La Matanza,0635D,166,61508,2023,4808,3326,7977,19163,1840,24394,42345
2,61,La Matanza,0635E,146,51315,2023,4302,2844,7485,12388,1621,22675,38927
2,61,La Matanza,0635F,4,1246,2023,108,152,246,307,32,401,939
2,62,Lanus,00259,30,10330,2023,443,2439,1308,2974,380,2786,7356
2,62,Lanus,00260,110,39973,2023,1506,9419,4467,13123,1290,10168,26850
2,62,Lanus,00261,111,40445,2023,1883,7507,5301,12439,1443,11872,28006
2,62,Lanus,00262,171,59709,2023,3891,8435,7406,14448,1931,23598,45261
2,62,Lanus,00263,71,25867,2023,1079,5110,2997,8665,926,7090,17202
2,62,Lanus,00264,22,7446,2023,329,2057,854,1880,275,2051,5566
2,62,Lanus,00265,73,25273,2023,1200,5737,3383,5178,1054,8721,20095
2,62,Lanus,00271,41,14761,2023,537,3670,1815,4441,492,3806,10320
2,62,Lanus,00272,56,20393,2023,975,4530,2359,6584,660,5285,13809
2,62,Lanus,00273,163,56886,2023,3248,9873,7427,13176,2003,21159,43710
2,62,Lanus,00274,127,44362,2023,2265,9941,6522,9402,1753,14479,34960
2,62,Lanus,00275,78,27044,2023,1287,7307,3666,6053,1102,7629,20991
2,62,Lanus,00276,90,32009,2023,1149,9764,3700,8246,1243,7907,23763
2,63,La Plata,00460,9,3158,2023,93,683,245,1402,92,643,1756
2,63,La Plata,00461,9,3260,2023,59,572,229,1793,94,513,1467
2,63,La Plata,00462,5,1658,2023,65,545,157,473,50,368,1185
2,63,La Plata,00463,9,3346,2023,73,501,202,2072,58,440,1274
2,63,La Plata,00464,7,2286,2023,119,740,232,505,106,584,1781
2,63,La Plata,00465,6,1956,2023,59,677,233,391,100,496,1565
2,63,La Plata,00466,7,2111,2023,87,758,204,498,100,464,1613
2,63,La Plata,00467,6,1897,2023,84,693,198,401,80,441,1496
2,63,La Plata,00468,6,1863,2023,62,576,174,441,75,535,1422
2,63,La Plata,00469,6,2085,2023,70,444,183,785,113,490,1300
2,63,La Plata,00471,6,1769,2023,113,423,235,393,79,526,1376
2,63,La Plata,00472,4,1279,2023,53,318,156,337,69,346,942
2,63,La Plata,00473,12,4075,2023,153,1069,356,1411,177,909,2664
2,63,La Plata,00474,14,4830,2023,213,1650,529,996,228,1214,3834
2,63,La Plata,00475,49,17023,2023,639,5397,1843,4458,824,3862,12565
2,63,La Plata,00476,9,2861,2023,160,995,322,536,143,705,2325
2,63,La Plata,00477,20,6826,2023,328,1721,843,1496,366,2072,5330
2,63,La Plata,00480,8,2652,2023,93,745,240,793,123,658,1859
2,63,La Plata,00481,12,4263,2023,156,1144,351,1542,152,918,2721
2,63,La Plata,00482,8,2771,2023,113,781,251,863,130,633,1908
2,63,La Plata,00483,8,2701,2023,163,859,286,526,138,729,2175
2,63,La Plata,00484,8,2697,2023,90,750,220,871,120,646,1826
2,63,La Plata,00485,7,2277,2023,129,639,210,467,148,684,1810
2,63,La Plata,00486,8,2773,2023,134,755,231,812,151,690,1961
2,63,La Plata,00487,7,2288,2023,124,716,257,404,131,656,1884
2,63,La Plata,00488,10,3203,2023,151,936,369,573,219,955,2630
2,63,La Plata,00493,1,109,2023,0,0,0,109,0,0,0
2,63,La Plata,00495,76,26364,2023,1161,8010,2987,6442,1235,6529,19922
2,63,La Plata,00496,88,30988,2023,1614,7109,4474,7736,1359,8696,23252
2,63,La Plata,00497,44,15039,2023,1008,4051,2334,3347,604,3695,11692
2,63,La Plata,00498,5,1440,2023,106,237,357,316,33,391,1124
2,63,La Plata,00501,139,48943,2023,2660,13072,6684,12516,2004,12007,36427
2,63,La Plata,00502,130,45746,2023,2461,11229,5985,11252,1858,12961,34494
2,63,La Plata,00503,20,6466,2023,427,1621,1098,1229,256,1835,5237
2,63,La Plata,00504,106,36927,2023,2145,10370,5077,7592,1679,10064,29335
2,63,La Plata,00505,50,17049,2023,999,3754,2387,4915,705,4289,12134
2,63,La Plata,00508,44,15620,2023,1284,2520,2231,4880,472,4233,10740
2,63,La Plata,00509,36,13021,2023,579,1108,1865,6413,305,2751,6608
2,63,La Plata,00516,10,3174,2023,123,805,269,1125,144,708,2049
2,63,La Plata,00517,10,3345,2023,144,1007,323,816,175,880,2529
2,63,La Plata,00518,13,4560,2023,106,842,296,2310,165,841,2250
2,63,La Plata,00519,22,7531,2023,247,1614,721,2696,324,1929,4835
2,63,La Plata,00520,24,8346,2023,417,2223,1109,1655,444,2498,6691
2,63,La Plata,00521,11,3614,2023,153,961,340,1069,184,907,2545
2,63,La Plata,0496A,47,17206,2023,1177,2577,2505,4430,695,5822,12776
2,63,La Plata,0496B,41,14665,2023,1154,2404,2269,3599,577,4662,11066
2,63,La Plata,0496C,47,16727,2023,908,3130,2582,4229,622,5256,12498
2,63,La Plata,0496D,54,19204,2023,1237,3285,2986,5391,683,5622,13813
2,63,La Plata,0496E,17,5490,2023,324,986,901,1049,319,1911,4441
2,63,La Plata,0496F,1,275,2023,1,56,43,87,11,77,188
2,63,La Plata,0497A,4,1157,2023,10,112,237,578,14,206,579
2,63,La Plata,0497B,30,10283,2023,762,2029,1849,2165,396,3082,8118
2,63,La Plata,0497C,29,9833,2023,759,1508,1762,2314,416,3074,7519
2,63,La Plata,0497D,36,12307,2023,815,2391,2272,3136,417,3276,9171
2,63,La Plata,0497E,39,13378,2023,973,2145,2408,3675,429,3748,9703
2,63,La Plata,0497F,15,5491,2023,392,593,1098,2016,156,1236,3475
2,63,La Plata,0503A,31,10671,2023,672,2256,1651,2761,425,2906,7910
2,63,La Plata,0504A,87,30330,2023,1673,9292,3678,6530,1312,7845,23800
2,63,La Plata,0505A,36,12132,2023,817,1954,1923,2781,558,4099,9351
2,63,La Plata,0505B,14,5013,2023,256,408,829,1867,133,1520,3146
2,63,La Plata,0508A,38,13081,2023,852,2934,2329,3111,499,3356,9970
2,63,La Plata,0508B,25,8494,2023,662,1107,1655,1912,273,2885,6582
2,63,La Plata,0508C,26,9091,2023,698,1414,1678,1923,347,3031,7168
2,63,La Plata,0508D,38,13740,2023,886,1783,2348,4067,302,4354,9673
2,63,La Plata,0508E,24,8358,2023,568,1455,1773,1763,344,2455,6595
2,63,La Plata,0508F,7,2250,2023,140,351,584,569,48,558,1681
2,63,La Plata,0508G,2,656,2023,19,75,135,177,19,231,479
2,63,La Plata,0509A,28,9712,2023,762,1814,2195,2238,295,2408,7474
2,64,Laprida,00524,31,9668,2023,925,2294,1348,1974,112,3015,7694
2,64,Laprida,00528,1,270,2023,16,75,33,56,3,87,214
2,65,Las Flores,00538,64,21984,2023,2398,4412,3979,4923,422,5850,17061
2,65,Las Flores,00539,1,91,2023,0,0,0,91,0,0,0
2,65,Las Flores,00540,1,101,2023,0,32,18,39,2,10,62
2,65,Las Flores,00541,1,49,2023,0,21,6,13,2,7,36
2,65,Las Flores,00542,1,54,2023,5,19,9,12,3,6,42
2,65,Las Flores,00543,1,249,2023,24,56,50,69,2,48,180
2,65,Las Flores,00544,1,37,2023,5,8,6,15,1,2,22
2,65,Las Flores,00545,1,96,2023,8,28,11,26,3,20,70
2,66,Leandro N. Alem,00549,27,8960,2023,1111,2027,1543,1674,50,2555,7286
2,66,Leandro N. Alem,00550,1,97,2023,9,14,12,25,1,36,72
2,66,Leandro N. Alem,00551,7,2358,2023,289,564,379,452,14,660,1906
2,66,Leandro N. Alem,00552,11,3507,2023,412,719,484,624,12,1256,2883
2,66,Leandro N. Alem,00553,1,314,2023,18,77,59,48,1,111,266
2,67,Lincoln,00554,83,28221,2023,3274,7534,4573,6310,121,6409,21911
2,67,Lincoln,00556,1,80,2023,15,24,13,23,1,4,57
2,67,Lincoln,00557,1,80,2023,13,20,10,23,1,13,57
2,67,Lincoln,00558,1,60,2023,5,19,7,17,2,10,43
2,67,Lincoln,00559,2,606,2023,51,188,99,102,3,163,504
2,67,Lincoln,00561,5,1527,2023,130,347,302,403,5,340,1124
2,67,Lincoln,00562,9,2930,2023,363,748,636,619,4,560,2311
2,67,Lincoln,00563,5,1648,2023,182,451,307,355,2,351,1293
2,67,Lincoln,00564,3,1040,2023,81,212,133,479,2,133,561
2,67,Lincoln,00565,1,190,2023,10,66,35,49,3,27,141
2,67,Lincoln,00566,6,1853,2023,154,638,322,372,5,362,1481
2,67,Lincoln,00567,1,83,2023,13,23,16,26,0,5,57
2,67,Lincoln,0567A,2,421,2023,50,142,90,92,1,46,329
2,68,Loberia,00568,38,12890,2023,1448,3161,1965,2925,229,3162,9965
2,68,Loberia,00569,1,64,2023,12,13,7,24,1,7,40
2,68,Loberia,00570,1,79,2023,6,30,5,29,5,4,50
2,68,Loberia,00572,5,1576,2023,146,444,331,373,21,261,1203
2,68,Loberia,0568A,2,413,2023,24,44,36,252,1,56,161
2,69,Lobos,00574,67,23174,2023,2352,6180,3798,5501,360,4983,17673
2,69,Lobos,00575,22,7547,2023,956,1469,1392,1849,108,1773,5698
2,69,Lobos,00576,1,317,2023,35,88,69,71,7,47,246
2,69,Lobos,00577,2,536,2023,0,242,65,151,9,69,385
2,69,Lobos,00578,3,1000,2023,114,330,241,178,15,122,822
2,69,Lobos,00579,2,531,2023,50,136,112,105,9,119,426
2,69,Lobos,00580,1,184,2023,15,70,28,47,1,23,137
2,69,Lobos,00581,2,371,2023,37,130,71,79,2,52,292
2,69,Lobos,0576A,1,144,2023,16,49,22,40,4,13,104
2,70,Lomas de Zamora,00583,183,66018,2023,3506,7796,9627,17643,2439,25007,48375
2,70,Lomas de Zamora,00584,61,21871,2023,780,6471,2970,5429,976,5245,16442
2,70,Lomas de Zamora,00585,33,11555,2023,493,3606,1635,2345,592,2884,9210
2,70,Lomas de Zamora,00586,86,35000,2023,1095,6139,3845,15043,911,7967,19957
2,70,Lomas de Zamora,00587,289,103076,2023,5316,17126,14823,26752,3814,35245,76324
2,70,Lomas de Zamora,00588,36,12567,2023,572,3495,1807,2724,565,3404,9843
2,70,Lomas de Zamora,00589,64,22219,2023,1124,4699,3535,4589,1117,7155,17630
2,70,Lomas de Zamora,00590,106,36765,2023,1652,9792,5640,7435,1884,10362,29330
2,70,Lomas de Zamora,00591,52,18897,2023,590,5156,2181,6343,769,3858,12554
2,70,Lomas de Zamora,00592,22,7324,2023,324,2163,1100,1483,394,1860,5841
2,70,Lomas de Zamora,00593,63,21854,2023,1192,3814,3681,5049,952,7166,16805
2,70,Lomas de Zamora,0583A,129,47281,2023,3158,2973,5861,12696,1314,21279,34585
2,70,Lomas de Zamora,0583B,88,31238,2023,2100,2419,4512,7006,1015,14186,24232
2,70,Lomas de Zamora,0583C,82,30782,2023,1713,2074,4289,9844,898,11964,20938
2,70,Lomas de Zamora,0583D,80,27835,2023,2187,2104,4909,5308,792,12535,22527
2,70,Lomas de Zamora,0583E,56,19406,2023,1657,1054,3712,4852,442,7689,14554
2,70,Lomas de Zamora,0590A,127,44485,2023,2729,6199,7104,10010,1930,16513,34475
2,70,Lomas de Zamora,0593A,48,18652,2023,785,2984,2658,6931,607,4687,11721
2,71,Lujan,00596,211,73854,2023,6478,15238,13162,17802,1989,19185,56052
2,71,Lujan,00597,3,752,2023,40,305,160,131,9,107,621
2,71,Lujan,00598,13,4260,2023,313,802,602,1214,121,1208,3046
2,71,Lujan,00599,22,7492,2023,668,1186,1367,1705,273,2293,5787
2,71,Lujan,00600,7,2331,2023,235,418,449,695,43,491,1636
2,71,Lujan,00601,3,947,2023,66,229,150,207,37,258,740
2,71,Lujan,00602,18,6148,2023,512,962,1113,2051,145,1365,4097
2,71,Lujan,00603,7,2194,2023,152,196,324,842,84,596,1352
2,72,Magdalena,00604,8,2770,2023,333,846,439,472,88,592,2298
2,72,Magdalena,00605,3,906,2023,53,142,93,441,9,168,465
2,72,Magdalena,00606,35,11735,2023,1295,2514,1688,3828,151,2259,7907
2,72,Magdalena,00607,1,100,2023,7,22,13,30,3,25,70
2,72,Magdalena,00608,1,170,2023,22,48,36,32,6,26,138
2,72,Magdalena,00609,2,406,2023,70,92,79,76,8,81,330
2,72,Magdalena,00610,1,43,2023,1,17,6,16,0,3,27
2,73,Maipu,00615,29,9651,2023,822,3199,1384,1596,131,2519,8055
2,73,Maipu,00616,2,514,2023,40,144,113,100,9,108,414
2,73,Maipu,00617,1,134,2023,18,47,27,23,2,17,111
2,73,Maipu,0617A,1,26,2023,1,8,4,11,1,1,15
2,74,Mar Chiquita,00619,26,8969,2023,948,1685,1504,2012,86,2734,6957
2,74,Mar Chiquita,00620,9,2954,2023,236,597,599,630,37,855,2324
2,74,Mar Chiquita,00621,2,121,2023,6,33,19,44,4,15,77
2,74,Mar Chiquita,00622,6,1959,2023,114,304,341,593,29,578,1366
2,74,Mar Chiquita,0622A,45,15426,2023,848,2556,2672,4319,544,4487,11107
2,74,Mar Chiquita,0622B,9,2966,2023,158,711,551,703,108,735,2263
2,75,Marcos Paz,00624,144,51162,2023,4920,6160,8251,12116,1312,18403,39046
2,75,Marcos Paz,0624A,2,514,2023,27,40,101,174,8,164,340
2,76,Mercedes,00638,73,25418,2023,1564,7147,4511,5239,752,6205,20179
2,76,Mercedes,00639,22,7431,2023,707,1087,1463,1461,187,2526,5970
2,76,Mercedes,00640,28,9715,2023,667,2031,2077,1995,224,2721,7720
2,76,Mercedes,00641,8,2676,2023,201,576,551,550,57,741,2126
2,76,Mercedes,00642,28,9664,2023,771,2104,2056,1683,270,2780,7981
2,76,Mercedes,00643,8,2541,2023,294,314,541,507,56,829,2034
2,76,Mercedes,00644,3,816,2023,60,181,165,221,28,161,595
2,76,Mercedes,00645,1,176,2023,14,33,32,59,2,36,117
2,76,Mercedes,00646,1,269,2023,27,61,58,70,1,52,199
2,76,Mercedes,00647,1,124,2023,11,27,32,28,4,22,96
2,76,Mercedes,00648,1,209,2023,15,42,42,41,3,66,168
2,77,Merlo,00652,201,73028,2023,4046,11159,11317,23182,2644,20680,49846
2,77,Merlo,00653,205,73052,2023,5430,6197,10862,21485,2806,26272,51567
2,77,Merlo,00654,109,38875,2023,3741,2972,6089,10818,1259,13996,28057
2,77,Merlo,00655,156,54681,2023,3141,10149,9184,12586,2538,17083,42095
2,77,Merlo,0652A,428,150052,2023,11603,13828,24041,41643,5279,53658,108409
2,77,Merlo,0655A,183,65379,2023,5551,4985,10579,19291,2264,22709,46088
2,78,Monte,00656,56,19514,2023,2101,4892,3072,4784,347,4318,14730
2,78,Monte,00657,1,329,2023,36,107,49,81,9,47,248
2,78,Monte,00658,1,152,2023,1,38,29,41,3,40,111
2,78,Monte,00659,1,44,2023,5,16,7,9,2,5,35
2,78,Monte,00660,2,227,2023,10,61,40,76,7,33,151
2,78,Monte,00661,3,726,2023,88,167,123,142,16,190,584
2,79,Moreno,00663,163,61401,2023,3029,7965,8404,24488,1683,15832,36913
2,79,Moreno,00664,83,29643,2023,1803,3830,5483,8279,961,9287,21364
2,79,Moreno,0663A,155,55308,2023,3391,6957,9763,14966,2119,18112,40342
2,79,Moreno,0663B,169,59210,2023,4462,4804,10012,16377,1992,21563,42833
2,79,Moreno,0663C,261,92962,2023,7238,7246,15091,25068,3009,35310,67894
2,79,Moreno,0663D,114,41589,2023,3335,2114,5874,13912,1028,15326,27677
2,79,Moreno,0664A,93,33163,2023,2652,3113,5870,8931,1115,11482,24232
2,79,Moreno,0664B,93,32337,2023,2672,2524,5545,8491,1020,12085,23846
2,80,Moron,00665,315,111781,2023,5754,19619,17609,29584,4457,34758,82197
2,80,Moron,00669,107,37581,2023,1600,10942,5357,9009,1660,9013,28572
2,80,Moron,00670,37,12621,2023,496,3985,1850,2968,569,2753,9653
2,80,Moron,00671,137,48490,2023,2330,10770,7848,12114,1801,13627,36376
2,80,Moron,00672,104,36211,2023,1549,10604,5574,8033,1483,8968,28178
2,80,Moron,00673,132,47058,2023,2319,8887,7235,12159,1865,14593,34899
2,81,Navarro,00675,40,13759,2023,1668,3222,2749,2545,174,3401,11214
2,81,Navarro,00676,1,238,2023,25,55,42,73,2,41,165
2,81,Navarro,00677,1,127,2023,23,18,23,37,1,25,90
2,81,Navarro,00678,1,178,2023,16,39,45,50,5,23,128
2,81,Navarro,00679,1,90,2023,15,16,16,32,3,8,58
2,81,Navarro,00680,1,123,2023,7,39,28,33,3,13,90
2,81,Navarro,00681,2,632,2023,60,130,125,165,5,147,467
2,81,Navarro,00682,1,77,2023,8,27,14,21,0,7,56
2,81,Navarro,00683,2,468,2023,80,125,77,52,8,126,416
2,81,Navarro,0681A,1,200,2023,0,48,32,71,4,45,129
2,82,Necochea,00686,189,66377,2023,8706,14168,12862,17742,1544,11355,48635
2,82,Necochea,00687,6,1945,2023,286,430,344,492,50,343,1453
2,82,Necochea,00688,2,550,2023,28,117,116,225,9,55,325
2,82,Necochea,00691,8,2656,2023,415,606,569,666,42,358,1990
2,82,Necochea,00692,2,576,2023,110,99,101,197,3,66,379
2,82,Necochea,0686A,47,16299,2023,2242,1922,3464,5066,570,3035,11233
2,83,9 de Julio,00696,103,35575,2023,3742,9968,7287,7766,181,6631,27809
2,83,9 de Julio,00697,1,131,2023,1,31,43,48,0,8,83
2,83,9 de Julio,00698,3,753,2023,102,108,181,145,2,215,608
2,83,9 de Julio,00699,3,762,2023,81,188,171,160,0,162,602
2,83,9 de Julio,00700,2,516,2023,62,92,118,164,0,80,352
2,83,9 de Julio,00701,2,503,2023,42,94,118,127,0,122,376
2,83,9 de Julio,00703,6,1757,2023,141,457,233,649,0,277,1108
2,83,9 de Julio,00704,1,57,2023,8,13,16,9,0,11,48
2,83,9 de Julio,00705,1,50,2023,9,16,8,11,0,6,39
2,83,9 de Julio,00706,7,2312,2023,235,698,442,494,0,443,1818
2,83,9 de Julio,00707,1,352,2023,28,118,77,70,3,56,282
2,83,9 de Julio,00708,1,45,2023,3,18,11,7,0,6,38
2,83,9 de Julio,00709,1,271,2023,24,87,54,63,2,41,208
2,83,9 de Julio,0705A,2,529,2023,46,106,140,108,0,129,421
2,84,Olavarria,00711,36,12528,2023,815,3608,2249,3154,350,2352,9374
2,84,Olavarria,00712,3,225,2023,29,37,39,74,1,45,151
2,84,Olavarria,00714,4,1159,2023,102,168,230,357,36,266,802
2,84,Olavarria,00715,11,3640,2023,361,624,918,806,56,875,2834
2,84,Olavarria,00716,7,2357,2023,270,402,600,582,49,454,1775
2,84,Olavarria,00717,10,3414,2023,356,592,707,689,80,990,2725
2,84,Olavarria,00718,2,546,2023,14,64,126,104,49,189,442
2,84,Olavarria,00719,11,3438,2023,262,589,849,803,104,831,2635
2,84,Olavarria,00720,1,120,2023,11,35,26,39,2,7,81
2,84,Olavarria,00723,1,287,2023,30,71,42,106,3,35,181
2,84,Olavarria,00725,2,508,2023,45,117,88,182,13,63,326
2,84,Olavarria,0711A,22,7589,2023,672,1931,1513,1638,207,1628,5951
2,84,Olavarria,0711B,31,11144,2023,978,1924,2203,3193,243,2603,7951
2,84,Olavarria,0711C,45,15441,2023,1659,2756,3107,3510,419,3990,11931
2,84,Olavarria,0711D,59,20607,2023,1855,3682,4569,4464,646,5391,16143
2,84,Olavarria,0711E,48,16601,2023,1763,2756,3628,3667,483,4304,12934
2,84,Olavarria,0718A,1,31,2023,1,6,5,11,2,6,20
2,84,Olavarria,0719A,1,26,2023,0,4,9,12,0,1,14
2,84,Olavarria,0723A,1,105,2023,2,18,13,55,0,17,50
2,85,Pehuajo,00734,88,30385,2023,3009,6878,4161,6377,244,9716,24008
2,85,Pehuajo,00735,1,248,2023,10,41,45,37,4,111,211
2,85,Pehuajo,00736,1,233,2023,23,70,39,49,5,47,184
2,85,Pehuajo,00738,5,1417,2023,142,393,203,273,6,400,1144
2,85,Pehuajo,00739,6,1868,2023,201,638,245,381,5,398,1487
2,85,Pehuajo,00740,1,346,2023,26,82,57,77,3,101,269
2,85,Pehuajo,00741,5,1674,2023,112,582,253,340,15,372,1334
2,85,Pehuajo,0734A,1,126,2023,4,27,16,16,2,61,110
2,86,Pellegrini,00743,17,5323,2023,733,1723,747,779,49,1292,4544
2,87,Pergamino,00747,1,191,2023,14,51,36,50,8,32,141
2,87,Pergamino,00748,48,16620,2023,1099,5556,2935,4230,323,2477,12390
2,87,Pergamino,00749,4,1114,2023,113,320,262,217,13,189,897
2,87,Pergamino,00750,1,58,2023,1,16,18,16,3,4,42
2,87,Pergamino,00751,5,1478,2023,154,464,316,264,31,249,1214
2,87,Pergamino,00752,1,183,2023,12,51,25,35,5,55,148
2,87,Pergamino,00753,5,1198,2023,83,306,237,312,14,246,886
2,87,Pergamino,00754,2,461,2023,26,145,119,93,4,74,368
2,87,Pergamino,00755,3,797,2023,88,213,178,171,20,127,626
2,87,Pergamino,00756,3,1030,2023,125,279,235,194,28,169,836
2,87,Pergamino,00757,1,13,2023,0,1,8,3,0,1,10
2,87,Pergamino,00758,2,643,2023,4,206,133,173,5,122,470
2,87,Pergamino,00759,3,846,2023,73,229,207,162,7,168,684
2,87,Pergamino,0747A,1,306,2023,45,96,56,52,5,52,254
2,87,Pergamino,0748A,51,17651,2023,1860,3673,3461,4918,345,3394,12733
2,87,Pergamino,0748B,47,16207,2023,1756,3866,3285,3556,385,3359,12651
2,87,Pergamino,0748C,47,16337,2023,1872,3329,3357,3633,363,3783,12704
2,87,Pergamino,0748D,49,16944,2023,1774,4113,3680,3492,454,3431,13452
2,87,Pergamino,0748E,1,105,2023,11,24,27,21,3,19,84
2,87,Pergamino,0754A,3,918,2023,85,309,203,186,15,120,732
2,88,Pila,00765,11,3475,2023,367,633,571,743,45,1116,2732
2,88,Pila,00766,2,205,2023,25,59,20,65,2,34,140
2,89,Pilar,00768,76,27398,2023,2719,3128,5338,6886,639,8688,20512
2,89,Pilar,00769,22,7548,2023,434,1312,1369,2662,140,1631,4886
2,89,Pilar,00770,20,7585,2023,480,675,1060,3000,134,2236,4585
2,89,Pilar,00771,47,16328,2023,1171,1707,2929,3787,434,6300,12541
2,89,Pilar,00772,55,19579,2023,1604,2747,3605,5188,500,5935,14391
2,89,Pilar,0768A,61,21970,2023,1563,4188,4405,5775,688,5351,16195
2,89,Pilar,0768B,61,21863,2023,1757,3272,4364,5811,520,6139,16052
2,89,Pilar,0768C,73,26114,2023,2158,3967,5033,6629,656,7671,19485
2,89,Pilar,0769A,15,5190,2023,324,844,990,1567,153,1312,3623
2,89,Pilar,0770A,9,2924,2023,95,1214,690,599,50,276,2325
2,89,Pilar,0770B,13,4509,2023,371,836,939,978,119,1266,3531
2,89,Pilar,0770C,20,7287,2023,454,1444,1310,2121,176,1782,5166
2,89,Pilar,0770D,61,21734,2023,1717,1497,3878,4671,645,9326,17063
2,89,Pilar,0770E,15,5131,2023,316,399,648,2125,110,1533,3006
2,89,Pilar,0770F,49,17562,2023,1637,1330,2800,3960,422,7413,13602
2,89,Pilar,0771A,17,5873,2023,329,1347,1246,1393,154,1404,4480
2,89,Pilar,0771B,26,8940,2023,549,2367,2046,1747,234,1997,7193
2,89,Pilar,0771C,79,27835,2023,2204,3591,5202,6738,877,9223,21097
2,89,Pilar,0771D,83,29230,2023,2523,3752,5438,6254,942,10321,22976
2,89,Pilar,0772A,47,16410,2023,1224,3048,3665,3402,390,4681,13008
2,89,Pilar,0772B,11,3533,2023,261,513,768,828,90,1073,2705
2,90,Pinamar,00339,40,14199,2023,941,3672,2651,4147,297,2491,10052
2,90,Pinamar,0339A,42,15343,2023,1083,1757,3105,5755,269,3374,9588
2,90,Pinamar,0339B,15,5092,2023,360,1057,1079,1481,111,1004,3611
2,90,Pinamar,0339C,3,713,2023,30,258,113,214,10,88,499
2,91,Puan,00776,15,4946,2023,430,1308,1100,1255,89,764,3691
2,91,Puan,00777,3,953,2023,83,293,162,156,108,151,797
2,91,Puan,00778,16,5333,2023,513,1434,1083,1301,103,899,4032
2,91,Puan,00779,2,458,2023,27,164,98,138,3,28,320
2,91,Puan,00780,6,1828,2023,176,512,346,500,35,259,1328
2,91,Puan,00781,1,164,2023,12,60,36,44,5,7,120
2,91,Puan,00782,2,668,2023,60,181,177,153,11,86,515
2,91,Puan,0777A,1,150,2023,19,38,35,35,2,21,115
2,92,Quilmes,00783,58,20160,2023,870,6904,2815,4097,624,4850,16063
2,92,Quilmes,00784,85,31154,2023,1492,7197,4106,10075,871,7413,21079
2,92,Quilmes,00785,137,50102,2023,2363,11503,6950,14990,1738,12558,35112
2,92,Quilmes,00786,58,20639,2023,1198,3679,2620,5779,596,6767,14860
2,92,Quilmes,00787,49,17056,2023,935,4395,2529,3347,594,5256,13709
2,92,Quilmes,00788,104,37483,2023,2528,3021,4537,10285,897,16215,27198
2,92,Quilmes,00791,66,23753,2023,1452,4792,3957,5433,917,7202,18320
2,92,Quilmes,0783A,53,18202,2023,1840,2210,2345,4351,409,7047,13851
2,92,Quilmes,0785A,66,22834,2023,1213,5037,3707,4958,833,7086,17876
2,92,Quilmes,0785B,130,46774,2023,2538,7759,6909,13242,1341,14985,33532
2,92,Quilmes,0786A,43,15024,2023,966,2600,2301,2831,573,5753,12193
2,92,Quilmes,0787A,90,33000,2023,1242,8069,3906,10850,1044,7889,22150
2,92,Quilmes,0788A,160,55952,2023,4098,5814,8573,11360,1708,24399,44592
2,92,Quilmes,0788B,95,34152,2023,2289,4007,4879,9514,910,12553,24638
2,92,Quilmes,0788C,94,32877,2023,2272,2377,4156,7658,859,15555,25219
2,92,Quilmes,0791A,89,31032,2023,2246,3798,5579,7204,1025,11180,23828
2,92,Quilmes,0791B,83,29365,2023,1914,5061,4767,6938,928,9757,22427
2,93,Ramallo,00797,39,13257,2023,1614,2128,1922,3162,128,4303,10095
2,93,Ramallo,00798,32,11013,2023,1251,3082,1691,2059,164,2766,8954
2,93,Ramallo,00800,6,1933,2023,275,388,326,393,20,531,1540
2,93,Ramallo,00801,2,64,2023,8,13,9,22,1,11,42
2,93,Ramallo,00803,13,4366,2023,547,1013,890,701,65,1150,3665
2,93,Ramallo,00804,2,626,2023,51,101,62,326,2,84,300
2,94,Rauch,00806,41,13769,2023,1836,3322,1701,2904,166,3840,10865
2,94,Rauch,00807,1,30,2023,5,6,5,10,2,2,20
2,94,Rauch,00808,1,36,2023,0,9,2,20,2,3,16
2,94,Rauch,00810,1,48,2023,3,8,3,24,2,8,24
2,94,Rauch,00811,1,117,2023,13,32,8,24,1,39,93
2,94,Rauch,00812,1,32,2023,1,11,0,15,2,3,17
2,94,Rauch,00813,1,110,2023,7,43,18,28,2,12,82
2,95,Rivadavia,00815,35,11678,2023,2260,3317,1610,1769,16,2706,9909
2,95,Rivadavia,00816,2,479,2023,75,148,82,87,1,86,392
2,95,Rivadavia,00817,4,1295,2023,219,322,187,171,5,391,1124
2,95,Rivadavia,00818,1,42,2023,7,7,7,11,1,9,31
2,95,Rivadavia,00819,1,237,2023,28,78,41,48,2,40,189
2,95,Rivadavia,00820,4,1166,2023,182,369,139,194,2,280,972
2,96,Rojas,00823,55,18824,2023,2470,5077,3426,4050,328,3473,14774
2,96,Rojas,00824,1,61,2023,4,14,5,19,4,15,42
2,96,Rojas,00825,1,98,2023,4,37,12,37,2,6,61
2,96,Rojas,00826,1,131,2023,19,52,20,23,3,14,108
2,96,Rojas,00827,3,867,2023,93,293,182,158,10,131,709
2,96,Rojas,00828,1,60,2023,11,9,15,19,2,4,41
2,96,Rojas,00829,1,46,2023,6,6,9,21,0,4,25
2,96,Rojas,00830,4,1077,2023,100,281,125,468,9,94,609
2,97,Roque Perez,00832,32,10581,2023,1267,2832,1608,1931,136,2807,8650
2,97,Roque Perez,00833,1,258,2023,20,91,42,50,6,49,208
2,97,Roque Perez,00834,1,224,2023,19,73,37,54,2,39,170
2,97,Roque Perez,00835,1,148,2023,15,52,16,41,2,22,107
2,97,Roque Perez,00836,2,392,2023,35,102,47,83,4,121,309
2,98,Saavedra,00839,6,2088,2023,263,383,349,623,33,437,1465
2,98,Saavedra,00840,43,14343,2023,1913,3365,3030,3726,276,2033,10617
2,98,Saavedra,00841,2,534,2023,82,106,96,113,10,127,421
2,98,Saavedra,00842,3,833,2023,134,212,209,178,9,91,655
2,98,Saavedra,00843,2,499,2023,94,85,69,210,7,34,289
2,98,Saavedra,00844,1,256,2023,27,77,46,69,4,33,187
2,99,Saladillo,00846,77,26706,2023,2854,7601,4775,5896,536,5044,20810
2,99,Saladillo,00847,2,366,2023,36,110,62,91,9,58,275
2,99,Saladillo,00848,1,94,2023,14,24,15,28,2,11,66
2,99,Saladillo,00849,4,1236,2023,121,333,204,294,27,257,942
2,99,Saladillo,00850,2,397,2023,32,114,59,90,8,94,307
2,99,Saladillo,00851,1,72,2023,0,14,17,29,3,9,43
2,99,Saladillo,00852,1,133,2023,6,44,25,48,3,7,85
2,99,Saladillo,0846A,1,241,2023,23,52,56,33,8,69,208
2,99,Saladillo,0849A,2,484,2023,36,164,91,103,12,78,381
2,100,Salliquelo,00746,22,7388,2023,822,2048,981,1445,84,2008,5943
2,100,Salliquelo,0746A,2,535,2023,51,138,61,71,5,209,464
2,101,Salto,00854,78,27198,2023,2950,4981,5676,6205,403,6983,20993
2,101,Salto,00855,5,1600,2023,155,389,357,372,28,299,1228
2,101,Salto,00856,2,676,2023,77,161,161,92,12,173,584
2,101,Salto,00857,3,911,2023,74,207,213,218,11,188,693
2,101,Salto,00858,1,211,2023,15,20,47,59,2,68,152
2,101,Salto,0855A,1,49,2023,5,13,9,13,2,7,36
2,101,Salto,0857A,1,24,2023,3,5,6,9,1,0,15
2,101,Salto,0857B,1,120,2023,0,30,32,28,0,30,92
2,102,San Andres de Giles,00860,51,17528,2023,2530,3468,3297,3703,243,4287,13825
2,102,San Andres de Giles,00861,2,635,2023,78,155,122,132,21,127,503
2,102,San Andres de Giles,00863,3,1009,2023,111,180,267,204,4,243,805
2,102,San Andres de Giles,00864,3,964,2023,99,162,164,213,13,313,751
2,102,San Andres de Giles,0862A,2,250,2023,14,51,53,86,0,46,164
2,102,San Andres de Giles,0863A,2,445,2023,56,85,86,103,7,108,342
2,102,San Andres de Giles,0864A,2,384,2023,36,63,94,82,5,104,302
2,103,San Antonio de Areco,00866,54,18432,2023,1510,5108,3170,4017,426,4201,14415
2,103,San Antonio de Areco,00867,4,970,2023,85,235,178,221,19,232,749
2,103,San Antonio de Areco,00869,3,787,2023,67,233,160,134,20,173,653
2,103,San Antonio de Areco,00870,4,1257,2023,122,241,276,215,29,374,1042
2,104,San Cayetano,00871,22,7241,2023,719,2404,1233,1560,71,1254,5681
2,104,San Cayetano,0871A,1,56,2023,3,25,8,17,2,1,39
2,104,San Cayetano,0871B,1,79,2023,4,46,16,12,0,1,67
2,104,San Cayetano,0871C,1,75,2023,19,23,9,17,2,5,58
2,105,San Fernando,00872,35,14022,2023,509,2491,1501,6906,254,2361,7116
2,105,San Fernando,00873,11,3745,2023,159,1365,627,654,151,789,3091
2,105,San Fernando,00874,8,2456,2023,132,534,381,649,85,675,1807
2,105,San Fernando,00875,6,1901,2023,108,491,370,431,58,443,1470
2,105,San Fernando,00876,8,2522,2023,235,364,471,611,89,752,1911
2,105,San Fernando,00877,55,18891,2023,1545,2812,3274,4233,577,6450,14658
2,105,San Fernando,00878,57,19619,2023,1495,2711,3254,4810,604,6745,14809
2,105,San Fernando,00879,55,19206,2023,1355,3609,3659,3969,637,5977,15237
2,105,San Fernando,00880,45,15460,2023,706,5918,2463,3189,486,2698,12271
2,105,San Fernando,00882,5,1183,2023,84,128,56,574,6,335,609
2,105,San Fernando,0878A,50,17827,2023,1413,1783,2795,5053,375,6408,12774
2,105,San Fernando,0879A,62,21598,2023,1781,2709,3557,5657,621,7273,15941
2,105,San Fernando,0880A,10,3167,2023,317,379,502,571,94,1304,2596
2,105,San Fernando,0880B,10,3329,2023,219,736,546,692,116,1020,2637
2,105,San Fernando,0882A,4,1255,2023,67,160,146,595,13,274,660
2,106,San Isidro,00887,47,17567,2023,554,6130,2086,6331,458,2008,11236
2,106,San Isidro,00888,50,17421,2023,650,7179,2665,3697,649,2581,13724
2,106,San Isidro,00889,76,26587,2023,1324,8115,4421,6056,920,5751,20531
2,106,San Isidro,00890,11,3551,2023,139,1250,574,838,119,631,2713
2,106,San Isidro,00891,147,52454,2023,1768,19398,7766,14149,1888,7485,38305
2,106,San Isidro,00892,203,72287,2023,3614,16844,11679,19214,2544,18392,53073
2,106,San Isidro,00893,114,41267,2023,1736,12095,5947,12977,1082,7430,28290
2,106,San Isidro,00894,17,6161,2023,144,2480,739,2129,154,515,4032
2,106,San Isidro,00895,54,18572,2023,440,8808,2371,5054,464,1435,13518
2,106,San Isidro,0892A,104,36309,2023,1794,10171,6925,7634,1627,8158,28675
2,107,San Nicolas,00901,101,35243,2023,2823,10324,5923,8997,749,6427,26246
2,107,San Nicolas,00902,25,8432,2023,873,2151,1619,1587,234,1968,6845
2,107,San Nicolas,00903,22,7428,2023,780,1123,1513,1983,249,1780,5445
2,107,San Nicolas,00904,65,22639,2023,2564,3945,4710,4826,750,5844,17813
2,107,San Nicolas,00905,33,11301,2023,1433,1275,1776,3380,301,3136,7921
2,107,San Nicolas,00906,8,2448,2023,211,471,433,744,42,547,1704
2,107,San Nicolas,00907,4,1409,2023,194,200,309,275,51,380,1134
2,107,San Nicolas,00908,4,1377,2023,143,243,310,332,47,302,1045
2,107,San Nicolas,00909,2,424,2023,55,117,97,79,16,60,345
2,107,San Nicolas,00910,6,1841,2023,214,537,394,344,32,320,1497
2,107,San Nicolas,00911,15,5010,2023,490,1079,1063,938,140,1300,4072
2,107,San Nicolas,0901A,36,12372,2023,1304,1924,2210,3233,333,3368,9139
2,107,San Nicolas,0901B,57,19715,2023,1977,4362,4105,4273,496,4502,15442
2,108,San Pedro,00913,126,43798,2023,5219,8453,9352,9679,825,10270,34119
2,108,San Pedro,00914,7,2179,2023,238,222,467,545,28,679,1634
2,108,San Pedro,00915,8,2776,2023,382,441,674,605,45,629,2171
2,108,San Pedro,00917,9,2770,2023,254,354,591,471,32,1068,2299
2,108,San Pedro,00918,1,170,2023,21,41,37,44,7,20,126
2,108,San Pedro,00919,1,79,2023,13,19,16,19,0,12,60
2,108,San Pedro,00920,2,648,2023,71,143,125,122,7,180,526
2,108,San Pedro,00922,8,2466,2023,162,467,556,519,66,696,1947
2,109,San Vicente,00924,83,29273,2023,2348,4137,5029,6979,716,10064,22294
2,109,San Vicente,00925,103,36781,2023,3301,3445,5358,10098,880,13699,26683
2,109,San Vicente,00926,9,3091,2023,192,329,550,616,73,1331,2475
2,109,San Vicente,00927,1,48,2023,0,10,8,15,0,15,33
2,110,Suipacha,00929,28,9244,2023,888,2343,1456,1555,118,2884,7689
2,110,Suipacha,00930,1,76,2023,5,24,20,19,0,8,57
2,110,Suipacha,00931,2,656,2023,56,213,81,113,5,188,543
2,111,Tandil,00934,1,351,2023,22,105,86,97,7,34,254
2,111,Tandil,00937,6,1900,2023,190,289,297,740,30,354,1160
2,111,Tandil,00938,1,231,2023,1,52,41,90,8,39,141
2,111,Tandil,00939,1,109,2023,10,48,16,24,0,11,85
2,111,Tandil,00940,3,821,2023,100,178,191,208,15,129,613
2,111,Tandil,0933A,27,9000,2023,1160,1353,1962,2130,252,2143,6870
2,111,Tandil,0933B,26,9068,2023,778,2251,1885,1937,290,1927,7131
2,111,Tandil,0933C,20,6996,2023,400,2841,1217,1227,173,1138,5769
2,111,Tandil,0933D,13,4480,2023,324,1411,867,857,122,899,3623
2,111,Tandil,0933E,17,5936,2023,636,1063,1038,1472,138,1589,4464
2,111,Tandil,0933F,25,8102,2023,784,1872,1666,1735,263,1782,6367
2,111,Tandil,0933G,16,5405,2023,660,612,1101,1439,159,1434,3966
2,111,Tandil,0933H,15,5239,2023,712,756,1154,1118,177,1322,4121
2,111,Tandil,0933I,32,11122,2023,1148,2162,2339,2439,360,2674,8683
2,111,Tandil,0933J,17,5719,2023,600,1321,1116,1250,164,1268,4469
2,111,Tandil,0933K,42,14487,2023,950,4687,2474,3308,437,2631,11179
2,111,Tandil,0933L,79,27550,2023,1966,7545,4833,7482,760,4964,20068
2,111,Tandil,0933M,1,149,2023,16,33,51,22,4,23,127
2,112,Tapalque,00944,25,8362,2023,959,2127,1006,1866,62,2342,6496
2,112,Tapalque,00945,1,49,2023,4,12,7,15,2,9,34
2,112,Tapalque,00946,1,33,2023,2,8,4,11,1,7,22
2,112,Tapalque,00947,1,137,2023,9,72,16,17,2,21,120
2,112,Tapalque,00948,1,57,2023,4,12,12,19,2,8,38
2,112,Tapalque,00949,1,342,2023,46,76,34,87,4,95,255
2,113,Tigre,00530,213,77026,2023,5302,14321,11907,23639,2464,19393,53387
2,113,Tigre,00533,20,6808,2023,503,893,996,2087,490,1839,4721
2,113,Tigre,00534,105,36855,2023,2595,9348,6792,7927,1106,9087,28928
2,113,Tigre,00535,145,51657,2023,3748,9926,9206,12436,1984,14357,39221
2,113,Tigre,00536,135,47623,2023,4703,6915,8854,11407,1656,14088,36216
2,113,Tigre,0534A,179,63377,2023,4436,11050,11740,15408,2252,18491,47969
2,113,Tigre,0535A,179,63290,2023,5074,8034,11146,15524,2496,21016,47766
2,113,Tigre,0536A,22,7682,2023,441,2485,1621,1413,197,1525,6269
2,114,Tornquist,00953,28,9347,2023,864,1579,1873,2750,108,2173,6597
2,114,Tornquist,00954,2,642,2023,44,170,112,209,17,90,433
2,114,Tornquist,00955,6,1913,2023,191,407,354,497,62,402,1416
2,114,Tornquist,00956,1,279,2023,19,51,56,103,6,44,176
2,114,Tornquist,0955A,9,3121,2023,233,696,565,966,91,570,2155
2,114,Tornquist,0955B,3,1019,2023,55,196,204,303,32,229,716
2,115,Trenque Lauquen,00957,102,35535,2023,3747,10668,5376,8966,228,6550,26569
2,115,Trenque Lauquen,00958,3,1053,2023,118,234,160,299,11,231,754
2,115,Trenque Lauquen,00960,1,20,2023,1,4,3,10,2,0,10
2,115,Trenque Lauquen,00961,15,5144,2023,570,1367,1092,1327,14,774,3817
2,115,Trenque Lauquen,0961A,1,54,2023,2,22,11,13,2,4,41
2,115,Trenque Lauquen,0961D,1,171,2023,10,42,42,42,2,33,129
2,116,Tordillo,00951,8,2457,2023,322,619,292,501,27,696,1956
2,117,Tres Arroyos,00964,134,47059,2023,5642,9450,7649,12021,1138,11159,35038
2,117,Tres Arroyos,00968,1,55,2023,6,11,11,20,4,3,35
2,117,Tres Arroyos,00969,2,650,2023,147,91,115,150,23,124,500
2,117,Tres Arroyos,00970,1,66,2023,7,12,12,14,2,19,52
2,117,Tres Arroyos,00972,8,2172,2023,237,454,419,569,20,473,1603
2,117,Tres Arroyos,00973,2,540,2023,71,97,87,119,10,156,421
2,117,Tres Arroyos,00975,3,1026,2023,157,192,159,317,26,175,709
2,117,Tres Arroyos,0973A,6,2007,2023,185,477,286,578,66,415,1429
2,117,Tres Arroyos,0975A,1,53,2023,8,10,11,13,2,9,40
2,117,Tres Arroyos,0975B,2,681,2023,37,121,179,156,30,158,525
2,118,Tres de Febrero,00389,41,14523,2023,641,3774,2018,4051,608,3431,10472
2,118,Tres de Febrero,00390,51,17761,2023,821,4815,2965,3844,821,4495,13917
2,118,Tres de Febrero,00391,235,82918,2023,4160,19317,13333,20627,3520,21961,62291
2,118,Tres de Febrero,00392,34,11467,2023,750,1918,1836,3125,434,3404,8342
2,118,Tres de Febrero,00393,176,64728,2023,3527,10431,8487,23859,2126,16298,40869
2,118,Tres de Febrero,00394,159,55771,2023,3656,10771,9499,11533,2344,17968,44238
2,118,Tres de Febrero,00395,140,50337,2023,2592,10010,7771,15125,1747,13092,35212
2,118,Tres de Febrero,0394A,44,15347,2023,541,5437,2000,3893,649,2827,11454
2,119,La Costa,00337,40,13869,2023,992,2708,2453,3915,402,3399,9954
2,119,La Costa,0337A,20,7132,2023,490,1134,1201,2459,215,1633,4673
2,119,La Costa,0337B,52,18394,2023,1309,3516,3473,5220,579,4297,13174
2,119,La Costa,0337C,32,10985,2023,791,2204,2171,2902,354,2563,8083
2,119,La Costa,0337D,37,12981,2023,806,2696,2511,3601,454,2913,9380
2,119,La Costa,0337E,61,21654,2023,1620,3841,4067,6206,670,5250,15448
2,120,Monte Hermoso,00239,28,9750,2023,668,1469,1502,2985,188,2938,6765
2,121,25 de Mayo,00980,67,23062,2023,2385,5396,3778,5618,348,5537,17444
2,121,25 de Mayo,00981,1,125,2023,5,37,18,39,2,24,86
2,121,25 de Mayo,00982,1,72,2023,1,19,9,31,2,10,41
2,121,25 de Mayo,00983,14,4713,2023,550,1293,944,810,62,1054,3903
2,121,25 de Mayo,00984,5,1688,2023,143,548,347,338,22,290,1350
2,121,25 de Mayo,00985,2,410,2023,46,101,65,91,2,105,319
2,121,25 de Mayo,00986,1,65,2023,0,0,0,65,0,0,0
2,121,25 de Mayo,00988,3,714,2023,57,208,129,134,9,177,580
2,121,25 de Mayo,00989,1,296,2023,28,82,35,69,2,80,227
2,121,25 de Mayo,00990,1,281,2023,35,82,52,49,3,60,232
2,121,25 de Mayo,00991,2,568,2023,48,151,137,79,2,151,489
2,122,Vicente Lopez,00993,68,23544,2023,728,9680,3339,4955,1023,3819,18589
2,122,Vicente Lopez,00994,36,12353,2023,348,5124,1562,3239,384,1696,9114
2,122,Vicente Lopez,00995,52,18826,2023,496,6027,2048,6965,613,2677,11861
2,122,Vicente Lopez,00996,42,14370,2023,496,5556,2083,3149,640,2446,11221
2,122,Vicente Lopez,00997,32,11075,2023,426,3990,1439,2838,479,1903,8237
2,122,Vicente Lopez,00998,49,17052,2023,684,5712,2375,3566,949,3766,13486
2,122,Vicente Lopez,00999,108,38288,2023,1703,9081,6173,10219,1554,9558,28069
2,122,Vicente Lopez,01000,133,47512,2023,2205,13119,7787,12402,2182,9817,35110
2,122,Vicente Lopez,01001,97,35102,2023,1248,11224,4579,10765,1245,6041,24337
2,122,Vicente Lopez,0993A,40,14464,2023,314,5831,1639,4777,422,1481,9687
2,122,Vicente Lopez,1000A,22,7499,2023,277,2328,1359,1735,347,1453,5764
2,122,Vicente Lopez,1001A,30,10185,2023,263,4346,1355,2721,320,1180,7464
2,123,Villa Gesell,00344,101,35591,2023,2443,6525,5805,11288,731,8799,24303
2,124,Villarino,01007,18,6189,2023,1295,1346,1012,1348,161,1027,4841
2,124,Villarino,01008,6,2041,2023,259,595,386,478,19,304,1563
2,124,Villarino,01009,1,230,2023,22,71,57,55,8,17,175
2,124,Villarino,01010,17,5782,2023,978,921,1438,1740,72,633,4042
2,124,Villarino,01011,30,11070,2023,1658,1440,2844,3628,174,1326,7442
2,124,Villarino,1011A,10,3367,2023,489,665,1055,686,37,435,2681
2,125,Zarate,01013,57,20075,2023,1320,5745,2970,4959,543,4538,15116
2,125,Zarate,01014,82,28556,2023,2690,4810,4896,7520,737,7903,21036
2,125,Zarate,01015,21,7002,2023,526,1896,1374,1277,208,1721,5725
2,125,Zarate,01016,14,4795,2023,474,960,844,1134,119,1264,3661
2,125,Zarate,01017,64,22321,2023,2174,3396,3834,5965,551,6401,16356
2,125,Zarate,01018,27,9281,2023,870,1867,1639,2076,302,2527,7205
2,125,Zarate,01019,2,447,2023,41,109,87,80,14,116,367
2,125,Zarate,01020,1,54,2023,0,7,5,27,0,15,27
2,125,Zarate,01021,32,10998,2023,1282,1136,1811,2856,136,3777,8142
2,126,Tres Lomas,00744,21,6783,2023,1073,1635,821,1498,68,1688,5285
2,126,Tres Lomas,00745,1,125,2023,12,48,13,16,2,34,109
2,127,Florentino Ameghino,00361,22,7427,2023,481,2241,1028,1572,38,2067,5855
2,127,Florentino Ameghino,00362,2,664,2023,38,246,87,142,4,147,522
2,127,Florentino Ameghino,0361A,1,151,2023,12,49,26,28,3,33,123
2,128,Presidente Peron,00304,57,19943,2023,2113,1862,3359,4961,699,6949,14982
2,128,Presidente Peron,0304A,105,38775,2023,4162,2915,5522,12691,1278,12207,26084
2,128,Presidente Peron,0304B,48,16577,2023,1689,1582,2847,4585,522,5352,11992
2,128,Presidente Peron,0304C,13,4254,2023,443,263,652,1320,144,1432,2934
2,129,Jose C. Paz,00398,272,99328,2023,6571,10934,15509,31800,3287,31227,67528
2,129,Jose C. Paz,0398A,244,85397,2023,7610,6709,13739,19811,2806,34722,65586
2,129,Jose C. Paz,0398B,185,64654,2023,5227,7968,11647,13342,2634,23836,51312
2,130,Malvinas Argentinas,00399,224,79756,2023,5609,7620,13471,19935,2595,30526,59821
2,130,Malvinas Argentinas,0399A,119,43107,2023,3090,4616,7081,10790,1373,16157,32317
2,130,Malvinas Argentinas,0399B,90,31583,2023,2218,3781,6141,6677,1286,11480,24906
2,130,Malvinas Argentinas,0399C,6,1868,2023,146,158,393,391,63,717,1477
2,130,Malvinas Argentinas,0399D,92,32109,2023,2137,4241,5622,7367,1190,11552,24742
2,130,Malvinas Argentinas,0399E,65,22844,2023,1397,2751,4264,5443,836,8153,17401
2,130,Malvinas Argentinas,0399F,168,58656,2023,3635,9481,11569,12098,2227,19646,46558
2,130,Malvinas Argentinas,0399G,64,22270,2023,1705,1782,3599,4706,717,9761,17564
2,131,Punta Indio,00611,1,104,2023,10,14,23,27,5,25,77
2,131,Punta Indio,00612,1,269,2023,49,63,33,56,4,64,213
2,131,Punta Indio,00613,24,8050,2023,659,1719,1439,2051,149,2033,5999
2,131,Punta Indio,0613A,3,1045,2023,50,182,131,493,13,176,552
2,131,Punta Indio,0613B,3,1006,2023,50,196,129,232,35,364,774
2,132,Ezeiza,00289,152,53750,2023,4295,7757,11040,12566,1666,16426,41184
2,132,Ezeiza,00290,115,42889,2023,3874,3645,7483,12105,1128,14654,30784
2,132,Ezeiza,0290A,101,35399,2023,3423,3770,7161,7051,1095,12899,28348
2,132,Ezeiza,0290B,72,25016,2023,2419,2272,5062,4492,870,9901,20524
2,133,Ituzaingo,00666,183,65586,2023,3663,11185,10137,16737,2396,21468,48849
2,133,Ituzaingo,00667,160,55728,2023,2603,13888,8736,12270,2427,15804,43458
2,133,Ituzaingo,0666A,95,33201,2023,1953,6519,5838,6446,1417,11028,26755
2,134,Hurlingham,00668,173,61264,2023,2960,13178,10187,15711,2407,16821,45553
2,134,Hurlingham,0668A,142,51258,2023,2932,6100,7423,16261,1613,16929,34997
2,134,Hurlingham,0668B,166,57868,2023,3607,9708,9899,12310,2504,19840,45558
2,135,Lezama,0207L,16,5060,2023,574,1545,790,891,66,1194,4169
