secprov,seccionId,name,circuitoId,mesasTotalizadas,cantidadElectores,anioEleccion,cantidadElectores_2025,EN_BLANCO_2025,LLA_JxC,NO_VOTANTES_2025,OTROS_2025,UxP_2025
2,0,Simulated,00001,1,7472,2025,7472,788,1488,3044,685,1467
2,0,Simulated,00003,1,3126,2025,3126,361,646,1324,131,664
2,0,Simulated,00005,1,1362,2025,1362,121,275,675,135,155
2,0,Simulated,00006,1,106,2025,106,8,27,45,4,22
2,0,Simulated,00007,1,511,2025,511,31,132,235,39,73
2,0,Simulated,00010,1,7569,2025,7569,808,1173,2859,838,1891
2,0,Simulated,00011,1,554,2025,554,26,68,181,30,249
2,0,Simulated,00012,1,246,2025,246,31,32,93,10,79
2,0,Simulated,00013,1,193,2025,193,26,49,64,6,48
2,0,Simulated,00014,1,626,2025,626,95,127,227,21,155
2,0,Simulated,00015,1,131,2025,131,17,13,29,2,69
2,0,Simulated,00017,1,20702,2025,20702,1512,3784,10181,1739,3486
2,0,Simulated,00018,1,35020,2025,35020,2693,5136,13660,2098,11433
2,0,Simulated,00019,1,105221,2025,105221,9007,16089,33385,6855,39886
2,0,Simulated,00020,1,38755,2025,38755,3209,5670,16301,3053,10522
2,0,Simulated,00021,1,60846,2025,60846,3920,10187,19243,3469,24027
2,0,Simulated,00022,1,47491,2025,47491,2798,6927,18952,2560,16254
2,0,Simulated,00023,1,18726,2025,18726,1157,2309,8685,1402,5173
2,0,Simulated,00024,1,11651,2025,11651,842,1799,4334,1110,3567
2,0,Simulated,00025,1,12534,2025,12534,1125,1625,4299,1026,4460
2,0,Simulated,00026,1,7395,2025,7395,578,513,2491,201,3611
2,0,Simulated,00027,1,23984,2025,23984,1555,2811,9591,1022,9004
2,0,Simulated,00030,1,6631,2025,6631,405,933,3248,400,1645
2,0,Simulated,00031,1,1634,2025,1634,134,247,623,133,497
2,0,Simulated,00032,1,4009,2025,4009,217,612,1173,306,1701
2,0,Simulated,00033,1,10940,2025,10940,877,1664,4268,1148,2983
2,0,Simulated,00034,1,26413,2025,26413,1540,3586,9393,3172,8721
2,0,Simulated,00037,1,20980,2025,20980,1587,3315,7074,1694,7309
2,0,Simulated,00038,1,48903,2025,48903,2195,6200,22392,2961,15154
2,0,Simulated,00039,1,51349,2025,51349,4187,7065,17859,3106,19132
2,0,Simulated,00040,1,94157,2025,94157,6604,13757,38398,6436,28963
2,0,Simulated,00046,1,19072,2025,19072,2326,2781,7878,1431,4655
2,0,Simulated,00050,1,82,2025,82,11,4,47,8,12
2,0,Simulated,00052,1,75,2025,75,4,16,39,6,9
2,0,Simulated,00055,1,92,2025,92,9,17,49,12,5
2,0,Simulated,00056,1,123,2025,123,13,27,66,3,15
2,0,Simulated,00057,1,21,2025,21,1,0,15,3,2
2,0,Simulated,00060,1,48256,2025,48256,6778,8900,17702,4081,10795
2,0,Simulated,00061,1,66,2025,66,4,22,29,4,8
2,0,Simulated,00062,1,3162,2025,3162,365,671,1607,160,358
2,0,Simulated,00063,1,21,2025,21,2,4,13,1,2
2,0,Simulated,00065,1,33,2025,33,5,6,18,0,5
2,0,Simulated,00066,1,129,2025,129,17,27,55,7,23
2,0,Simulated,00067,1,3365,2025,3365,315,639,1675,153,583
2,0,Simulated,00072,1,13786,2025,13786,1187,2234,7001,850,2514
2,0,Simulated,00073,1,25879,2025,25879,2873,4522,12306,1411,4767
2,0,Simulated,00074,1,22480,2025,22480,2330,4811,8997,1248,5094
2,0,Simulated,00075,1,8258,2025,8258,862,1811,3340,628,1618
2,0,Simulated,00076,1,42870,2025,42870,3424,9251,15996,4109,10089
2,0,Simulated,00077,1,4563,2025,4563,509,1139,1596,261,1057
2,0,Simulated,00078,1,4806,2025,4806,361,1027,2075,397,946
2,0,Simulated,00079,1,6498,2025,6498,412,1350,2926,436,1375
2,0,Simulated,00080,1,2170,2025,2170,207,432,1005,210,317
2,0,Simulated,00083,1,11196,2025,11196,974,2126,4868,986,2242
2,0,Simulated,00084,1,8679,2025,8679,544,1780,4059,592,1704
2,0,Simulated,00085,1,30604,2025,30604,2905,6647,11810,3010,6232
2,0,Simulated,00086,1,22697,2025,22697,2185,4632,8984,2184,4713
2,0,Simulated,00087,1,15297,2025,15297,1820,3056,5455,1381,3585
2,0,Simulated,00088,1,5278,2025,5278,559,1176,1983,349,1211
2,0,Simulated,00089,1,9130,2025,9130,626,1879,3963,929,1732
2,0,Simulated,00090,1,35,2025,35,3,11,13,4,4
2,0,Simulated,00091,1,12879,2025,12879,1339,2683,4989,654,3215
2,0,Simulated,00092,1,10599,2025,10599,989,1702,4528,650,2730
2,0,Simulated,00093,1,5230,2025,5230,494,1039,1823,487,1386
2,0,Simulated,00098,1,27749,2025,27749,2808,5741,11129,2757,5315
2,0,Simulated,00099,1,667,2025,667,79,175,280,60,73
2,1,Simulated,00100,1,258,2025,258,15,49,136,20,38
2,1,Simulated,00101,1,525,2025,525,52,109,254,30,80
2,1,Simulated,00102,1,83,2025,83,7,17,46,6,7
2,1,Simulated,00103,1,137,2025,137,16,39,60,9,13
2,1,Simulated,00104,1,336,2025,336,27,60,162,44,43
2,1,Simulated,00105,1,16506,2025,16506,1563,2859,6155,770,5159
2,1,Simulated,00106,1,646,2025,646,43,114,273,36,180
2,1,Simulated,00107,1,6070,2025,6070,399,1034,2051,245,2341
2,1,Simulated,00110,1,458,2025,458,57,84,138,17,162
2,1,Simulated,00111,1,261,2025,261,28,47,84,17,85
2,1,Simulated,00113,1,1297,2025,1297,100,235,434,80,448
2,1,Simulated,00117,1,23242,2025,23242,2548,3846,9402,1853,5593
2,1,Simulated,00118,1,739,2025,739,52,99,420,55,114
2,1,Simulated,00120,1,551,2025,551,79,103,214,54,101
2,1,Simulated,00121,1,15273,2025,15273,1857,3017,6689,846,2865
2,1,Simulated,00122,1,309,2025,309,38,50,124,27,70
2,1,Simulated,00125,1,24377,2025,24377,2764,4385,9892,1141,6194
2,1,Simulated,00126,1,38,2025,38,6,14,14,1,3
2,1,Simulated,00127,1,242,2025,242,23,29,92,16,83
2,1,Simulated,00128,1,51,2025,51,3,8,27,5,8
2,1,Simulated,00129,1,60,2025,60,5,14,29,1,12
2,1,Simulated,00131,1,49,2025,49,4,7,13,7,17
2,1,Simulated,00132,1,2158,2025,2158,164,400,969,142,482
2,1,Simulated,00133,1,1045,2025,1045,95,189,428,84,249
2,1,Simulated,00136,1,28915,2025,28915,2701,5013,13287,1271,6643
2,1,Simulated,00137,1,1113,2025,1113,152,185,386,33,357
2,1,Simulated,00138,1,113,2025,113,14,22,39,9,29
2,1,Simulated,00139,1,17,2025,17,0,1,8,1,7
2,1,Simulated,00140,1,640,2025,640,62,125,236,65,152
2,1,Simulated,00141,1,247,2025,247,33,33,97,17,68
2,1,Simulated,00142,1,68,2025,68,8,9,29,9,11
2,1,Simulated,00143,1,1868,2025,1868,140,340,695,143,550
2,1,Simulated,00144,1,430,2025,430,43,87,202,37,60
2,1,Simulated,00145,1,274,2025,274,28,80,105,18,43
2,1,Simulated,00148,1,21429,2025,21429,2568,4011,7545,1688,5617
2,1,Simulated,00149,1,311,2025,311,27,55,143,21,66
2,1,Simulated,00150,1,2289,2025,2289,172,427,878,132,681
2,1,Simulated,00151,1,1024,2025,1024,89,244,377,73,242
2,1,Simulated,00152,1,296,2025,296,18,54,117,21,86
2,1,Simulated,00153,1,276,2025,276,32,70,99,25,49
2,1,Simulated,00155,1,20051,2025,20051,1427,3639,9022,1136,4826
2,1,Simulated,00156,1,15462,2025,15462,2039,2293,6689,730,3711
2,1,Simulated,00157,1,38446,2025,38446,3290,6796,13686,3208,11466
2,1,Simulated,00158,1,3896,2025,3896,302,772,1515,235,1072
2,1,Simulated,00159,1,972,2025,972,77,188,372,77,259
2,1,Simulated,00160,1,184,2025,184,22,27,60,14,62
2,1,Simulated,00162,1,193,2025,193,16,28,83,18,49
2,1,Simulated,00164,1,19071,2025,19071,3094,3536,7480,673,4288
2,1,Simulated,00165,1,592,2025,592,74,149,210,54,105
2,1,Simulated,00166,1,223,2025,223,31,59,64,23,46
2,1,Simulated,00167,1,521,2025,521,63,116,172,20,151
2,1,Simulated,00169,1,5632,2025,5632,572,707,1699,433,2221
2,1,Simulated,00170,1,541,2025,541,27,89,219,26,181
2,1,Simulated,00171,1,474,2025,474,57,68,150,27,172
2,1,Simulated,00172,1,709,2025,709,107,79,233,25,264
2,1,Simulated,00173,1,3226,2025,3226,426,436,1231,151,982
2,1,Simulated,00175,1,11578,2025,11578,1238,2131,4489,483,3236
2,1,Simulated,00176,1,534,2025,534,81,103,157,28,165
2,1,Simulated,00177,1,182,2025,182,13,39,61,16,54
2,1,Simulated,00179,1,14213,2025,14213,1923,2242,5802,582,3665
2,1,Simulated,00180,1,526,2025,526,47,143,213,26,97
2,1,Simulated,00181,1,152,2025,152,25,30,61,12,23
2,1,Simulated,00182,1,71,2025,71,8,8,33,6,15
2,1,Simulated,00183,1,2326,2025,2326,217,376,1007,114,611
2,1,Simulated,00185,1,8466,2025,8466,699,1200,3258,819,2490
2,1,Simulated,00187,1,150,2025,150,13,14,65,9,48
2,1,Simulated,00189,1,48132,2025,48132,4459,8902,17441,1739,15591
2,1,Simulated,0018A,1,63877,2025,63877,3688,8263,23041,4709,24175
2,1,Simulated,00190,1,1240,2025,1240,106,272,558,67,238
2,1,Simulated,00191,1,74,2025,74,9,17,31,4,12
2,1,Simulated,00193,1,135,2025,135,12,35,58,10,20
2,1,Simulated,00195,1,96,2025,96,9,20,41,3,23
2,1,Simulated,00197,1,2115,2025,2115,290,405,739,77,604
2,1,Simulated,00198,1,552,2025,552,58,91,220,21,163
2,2,Simulated,00201,1,32967,2025,32967,3961,5270,13762,2003,7971
2,2,Simulated,00202,1,953,2025,953,141,162,375,62,212
2,2,Simulated,00203,1,1396,2025,1396,119,203,680,76,318
2,2,Simulated,00204,1,106,2025,106,12,16,59,12,7
2,2,Simulated,00205,1,170,2025,170,14,30,109,5,12
2,2,Simulated,00209,1,438,2025,438,55,60,170,39,114
2,2,Simulated,0020A,1,35541,2025,35541,3428,5532,11387,2209,12983
2,2,Simulated,00211,1,49958,2025,49958,9295,8856,17575,2109,12123
2,2,Simulated,00212,1,140,2025,140,22,24,65,7,23
2,2,Simulated,00215,1,132,2025,132,18,23,60,6,25
2,2,Simulated,00216,1,111,2025,111,28,18,42,7,16
2,2,Simulated,00218,1,376,2025,376,61,67,139,36,74
2,2,Simulated,00219,1,88,2025,88,6,14,53,2,12
2,2,Simulated,0021A,1,17072,2025,17072,1595,2610,5428,1135,6304
2,2,Simulated,00220,1,165,2025,165,9,3,138,11,3
2,2,Simulated,00221,1,174,2025,174,30,48,74,6,17
2,2,Simulated,00222,1,2665,2025,2665,469,504,1074,185,432
2,2,Simulated,00224,1,332,2025,332,17,11,277,22,5
2,2,Simulated,00226,1,35,2025,35,2,8,20,3,2
2,2,Simulated,0022A,1,60291,2025,60291,4523,8397,20211,5874,21286
2,2,Simulated,0022B,1,19245,2025,19245,1578,2750,6856,1449,6612
2,2,Simulated,00230,1,19810,2025,19810,2216,3093,7807,865,5829
2,2,Simulated,00231,1,245,2025,245,20,33,86,7,98
2,2,Simulated,00232,1,8740,2025,8740,1064,1571,3762,420,1922
2,2,Simulated,00233,1,68,2025,68,5,10,37,10,6
2,2,Simulated,00234,1,145,2025,145,11,38,69,11,17
2,2,Simulated,00235,1,30,2025,30,0,8,19,1,2
2,2,Simulated,00236,1,119,2025,119,9,13,54,15,28
2,2,Simulated,00237,1,920,2025,920,91,122,451,47,208
2,2,Simulated,00238,1,1453,2025,1453,141,272,665,82,293
2,2,Simulated,00239,1,11447,2025,11447,775,1631,5022,762,3257
2,2,Simulated,00240,1,19044,2025,19044,2626,4155,8145,1291,2827
2,2,Simulated,00243,1,935,2025,935,102,184,479,56,114
2,2,Simulated,00246,1,52,2025,52,2,10,24,7,8
2,2,Simulated,00248,1,20578,2025,20578,2297,4332,9199,1159,3590
2,2,Simulated,00249,1,245,2025,245,26,65,99,23,33
2,2,Simulated,00252,1,24297,2025,24297,3127,4372,10903,1252,4643
2,2,Simulated,00253,1,1653,2025,1653,180,278,593,148,454
2,2,Simulated,00254,1,4941,2025,4941,569,1051,2200,332,788
2,2,Simulated,00255,1,39,2025,39,6,4,24,1,4
2,2,Simulated,00258,1,151,2025,151,27,31,62,6,25
2,2,Simulated,00259,1,10625,2025,10625,791,1512,4719,735,2868
2,2,Simulated,00260,1,36424,2025,36424,3010,5127,16143,2283,9861
2,2,Simulated,00261,1,40540,2025,40540,3431,5315,16630,3280,11883
2,2,Simulated,00262,1,55610,2025,55610,3802,7074,20237,4572,19926
2,2,Simulated,00263,1,23779,2025,23779,1655,3033,10712,2594,5785
2,2,Simulated,00264,1,8138,2025,8138,475,1142,4063,455,2002
2,2,Simulated,00265,1,22812,2025,22812,1543,3345,8560,1890,7474
2,2,Simulated,00271,1,14164,2025,14164,1052,2010,6253,1326,3522
2,2,Simulated,00272,1,23990,2025,23990,1560,3141,11126,2439,5725
2,2,Simulated,00273,1,64162,2025,64162,5232,8710,23642,4618,21960
2,2,Simulated,00274,1,39932,2025,39932,2298,6316,15723,2726,12869
2,2,Simulated,00275,1,19986,2025,19986,1070,3262,8136,1715,5803
2,2,Simulated,00276,1,24781,2025,24781,1287,3682,11224,2130,6457
2,2,Simulated,00282,1,26685,2025,26685,3462,4462,11116,1355,6291
2,2,Simulated,00285,1,197,2025,197,24,29,70,12,62
2,2,Simulated,00286,1,4588,2025,4588,368,733,1887,350,1250
2,2,Simulated,00287,1,24367,2025,24367,2082,4014,8930,1193,8149
2,2,Simulated,00288,1,42902,2025,42902,2324,6788,20770,2442,10578
2,2,Simulated,00289,1,48871,2025,48871,4346,9362,16948,2816,15399
2,2,Simulated,00290,1,40502,2025,40502,4385,6525,13452,2308,13833
2,2,Simulated,00291,1,16574,2025,16574,1234,3261,6377,1197,4505
2,2,Simulated,00292,1,9977,2025,9977,980,1925,4135,756,2181
2,2,Simulated,00293,1,15136,2025,15136,1937,3166,5313,746,3974
2,2,Simulated,00294,1,3250,2025,3250,325,609,1182,217,918
2,2,Simulated,00295,1,6285,2025,6285,686,1198,2331,513,1556
2,2,Simulated,00297,1,614,2025,614,63,91,238,53,168
2,2,Simulated,00298,1,346,2025,346,38,89,149,12,57
2,3,Simulated,00302,1,132059,2025,132059,6769,18906,57817,7804,40764
2,3,Simulated,00303,1,5823,2025,5823,463,952,2008,312,2088
2,3,Simulated,00304,1,17896,2025,17896,1452,2942,6320,1357,5825
2,3,Simulated,00305,1,29331,2025,29331,2714,4910,11326,2200,8181
2,3,Simulated,00306,1,6633,2025,6633,725,1268,2689,288,1663
2,3,Simulated,00307,1,1539,2025,1539,158,292,681,177,231
2,3,Simulated,00308,1,903,2025,903,58,109,502,66,168
2,3,Simulated,00309,1,63,2025,63,6,12,32,4,9
2,3,Simulated,00310,1,10712,2025,10712,972,1587,4591,920,2643
2,3,Simulated,00311,1,82,2025,82,3,6,49,7,16
2,3,Simulated,00312,1,95,2025,95,8,22,46,3,17
2,3,Simulated,00314,1,5405,2025,5405,587,999,2279,384,1156
2,3,Simulated,00315,1,209,2025,209,19,36,104,14,35
2,3,Simulated,00316,1,3344,2025,3344,329,747,1469,223,577
2,3,Simulated,00317,1,2027,2025,2027,288,359,833,80,467
2,3,Simulated,00318,1,2992,2025,2992,337,531,1316,107,701
2,3,Simulated,00320,1,16896,2025,16896,1902,2821,7242,1129,3802
2,3,Simulated,00322,1,148,2025,148,8,38,58,14,31
2,3,Simulated,00324,1,301,2025,301,24,44,118,11,103
2,3,Simulated,00326,1,1983,2025,1983,265,211,760,166,581
2,3,Simulated,00327,1,1285,2025,1285,148,112,451,77,496
2,3,Simulated,00330,1,8563,2025,8563,1142,1437,4020,517,1447
2,3,Simulated,00332,1,346,2025,346,42,51,119,49,84
2,3,Simulated,00334,1,543,2025,543,82,108,233,42,78
2,3,Simulated,00335,1,396,2025,396,44,72,151,29,100
2,3,Simulated,00336,1,57,2025,57,8,7,25,7,9
2,3,Simulated,00337,1,17720,2025,17720,1795,3054,7188,918,4766
2,3,Simulated,00338,1,2900,2025,2900,287,402,1477,122,613
2,3,Simulated,00339,1,12411,2025,12411,912,2518,5933,774,2273
2,3,Simulated,00340,1,21066,2025,21066,2416,3644,9490,1568,3948
2,3,Simulated,00341,1,35,2025,35,4,10,15,1,5
2,3,Simulated,00342,1,77,2025,77,6,7,52,8,5
2,3,Simulated,00343,1,95,2025,95,7,12,52,11,13
2,3,Simulated,00344,1,30486,2025,30486,2397,5459,13270,1834,7527
2,3,Simulated,00345,1,9481,2025,9481,560,1622,3672,456,3170
2,3,Simulated,00348,1,903,2025,903,77,141,337,48,300
2,3,Simulated,00349,1,73,2025,73,4,13,31,2,24
2,3,Simulated,00350,1,43,2025,43,4,4,24,6,5
2,3,Simulated,00351,1,787,2025,787,73,152,288,37,236
2,3,Simulated,00352,1,92,2025,92,13,13,40,8,18
2,3,Simulated,00354,1,7628,2025,7628,584,1105,2830,332,2778
2,3,Simulated,00357,1,1535,2025,1535,165,131,523,108,608
2,3,Simulated,00358,1,71,2025,71,4,8,31,2,26
2,3,Simulated,00359,1,896,2025,896,77,168,373,51,228
2,3,Simulated,00360,1,585,2025,585,53,108,210,22,192
2,3,Simulated,00361,1,7833,2025,7833,773,1268,3182,297,2312
2,3,Simulated,00362,1,576,2025,576,51,91,252,35,147
2,3,Simulated,00364,1,6422,2025,6422,703,1206,2610,650,1253
2,3,Simulated,00365,1,21733,2025,21733,1788,3825,8508,2524,5088
2,3,Simulated,00366,1,88160,2025,88160,8152,14738,43798,6333,15139
2,3,Simulated,00367,1,64459,2025,64459,3939,10882,32784,6258,10595
2,3,Simulated,00368,1,9807,2025,9807,856,1657,3699,507,3089
2,3,Simulated,00369,1,9970,2025,9970,819,2062,3964,529,2595
2,3,Simulated,00370,1,24021,2025,24021,1874,4124,9423,2251,6349
2,3,Simulated,00374,1,100474,2025,100474,10284,15453,37706,7147,29884
2,3,Simulated,00376,1,38859,2025,38859,3156,5009,18722,4195,7777
2,3,Simulated,00377,1,34459,2025,34459,2819,6035,13427,2461,9716
2,3,Simulated,00378,1,40380,2025,40380,3397,5703,16638,3943,10700
2,3,Simulated,00379,1,31239,2025,31239,2834,4700,12787,2903,8015
2,3,Simulated,00380,1,18549,2025,18549,1072,3250,7646,1790,4791
2,3,Simulated,00381,1,81051,2025,81051,5416,11319,34402,4661,25253
2,3,Simulated,00382,1,8095,2025,8095,680,1584,3025,578,2228
2,3,Simulated,00383,1,6499,2025,6499,437,1201,2566,662,1632
2,3,Simulated,00384,1,14814,2025,14814,998,2422,5958,1523,3913
2,3,Simulated,00388,1,83546,2025,83546,5811,13156,31023,5018,28538
2,3,Simulated,00389,1,18488,2025,18488,1146,2695,9169,1529,3948
2,3,Simulated,00390,1,15966,2025,15966,976,2879,6866,1600,3645
2,3,Simulated,00391,1,107793,2025,107793,8401,16129,43457,12116,27691
2,3,Simulated,00392,1,10869,2025,10869,765,1675,4558,728,3142
2,3,Simulated,00393,1,75992,2025,75992,6307,9638,35965,7648,16435
2,3,Simulated,00394,1,39040,2025,39040,3524,7047,13773,2948,11749
2,3,Simulated,00395,1,53760,2025,53760,3509,8882,24523,2906,13940
2,3,Simulated,00397,1,65861,2025,65861,4117,11345,30159,4698,15542
2,3,Simulated,00398,1,125621,2025,125621,7377,18007,49884,8710,41643
2,3,Simulated,00399,1,65962,2025,65962,4885,10887,22483,3082,24625
2,4,Simulated,00400,1,26427,2025,26427,2116,4883,11271,2867,5290
2,4,Simulated,00401,1,684,2025,684,63,229,287,42,63
2,4,Simulated,00402,1,25902,2025,25902,2394,4614,9535,1235,8124
2,4,Simulated,00404,1,12196,2025,12196,1420,2026,4703,720,3326
2,4,Simulated,00405,1,204,2025,204,9,37,93,21,44
2,4,Simulated,00406,1,261,2025,261,28,36,119,14,64
2,4,Simulated,00407,1,74,2025,74,10,13,36,4,11
2,4,Simulated,00408,1,1419,2025,1419,129,248,543,79,420
2,4,Simulated,00409,1,386,2025,386,44,80,173,30,60
2,4,Simulated,00411,1,20992,2025,20992,2621,3870,8856,2217,3429
2,4,Simulated,00412,1,62,2025,62,4,12,24,5,16
2,4,Simulated,00413,1,1140,2025,1140,200,230,466,52,193
2,4,Simulated,00414,1,242,2025,242,28,48,120,9,36
2,4,Simulated,00415,1,1578,2025,1578,194,343,729,119,193
2,4,Simulated,00416,1,2399,2025,2399,301,482,1085,99,432
2,4,Simulated,00417,1,295,2025,295,33,62,140,22,38
2,4,Simulated,00418,1,995,2025,995,209,167,408,44,167
2,4,Simulated,00419,1,311,2025,311,54,46,130,20,62
2,4,Simulated,00420,1,586,2025,586,78,147,250,22,88
2,4,Simulated,00421,1,230,2025,230,30,39,75,23,63
2,4,Simulated,00424,1,10058,2025,10058,1668,1553,3707,567,2563
2,4,Simulated,00427,1,1576,2025,1576,163,204,739,95,375
2,4,Simulated,00428,1,215,2025,215,42,32,81,11,49
2,4,Simulated,00430,1,2877,2025,2877,290,445,1308,197,637
2,4,Simulated,00431,1,3829,2025,3829,358,515,1612,338,1006
2,4,Simulated,00432,1,1633,2025,1633,140,302,641,118,432
2,4,Simulated,00433,1,147,2025,147,17,24,71,6,29
2,4,Simulated,00434,1,909,2025,909,98,126,383,45,257
2,4,Simulated,00436,1,14902,2025,14902,2077,2323,5129,1154,4220
2,4,Simulated,00437,1,142,2025,142,31,19,49,9,34
2,4,Simulated,00439,1,3006,2025,3006,432,480,1108,119,866
2,4,Simulated,00440,1,181,2025,181,30,32,57,19,43
2,4,Simulated,00441,1,187,2025,187,27,8,127,15,9
2,4,Simulated,00444,1,50013,2025,50013,5888,8960,20835,3207,11123
2,4,Simulated,00445,1,4363,2025,4363,414,804,1583,330,1232
2,4,Simulated,00446,1,2468,2025,2468,369,463,905,197,535
2,4,Simulated,00447,1,1844,2025,1844,201,328,716,69,531
2,4,Simulated,00448,1,145,2025,145,14,33,66,12,19
2,4,Simulated,00449,1,47,2025,47,1,11,26,8,1
2,4,Simulated,00450,1,978,2025,978,122,200,381,88,187
2,4,Simulated,00451,1,873,2025,873,91,196,335,51,199
2,4,Simulated,00452,1,453,2025,453,50,100,161,38,104
2,4,Simulated,00453,1,30,2025,30,4,4,14,2,7
2,4,Simulated,00454,1,92,2025,92,5,24,34,7,21
2,4,Simulated,00456,1,286,2025,286,28,59,137,19,43
2,4,Simulated,00460,1,3308,2025,3308,153,342,1907,215,692
2,4,Simulated,00461,1,3259,2025,3259,176,314,1952,246,571
2,4,Simulated,00462,1,1654,2025,1654,78,235,830,172,339
2,4,Simulated,00463,1,3589,2025,3589,283,304,2362,182,457
2,4,Simulated,00464,1,2198,2025,2198,145,311,1026,163,554
2,4,Simulated,00465,1,2060,2025,2060,120,310,851,212,568
2,4,Simulated,00466,1,2179,2025,2179,172,292,1050,209,456
2,4,Simulated,00467,1,1934,2025,1934,192,282,852,128,481
2,4,Simulated,00468,1,2022,2025,2022,121,231,888,198,584
2,4,Simulated,00469,1,2200,2025,2200,126,244,1148,184,497
2,4,Simulated,00471,1,2006,2025,2006,202,271,775,180,578
2,4,Simulated,00472,1,1205,2025,1205,57,169,516,149,314
2,4,Simulated,00473,1,4369,2025,4369,210,525,2185,289,1159
2,4,Simulated,00474,1,4662,2025,4662,360,677,2103,315,1207
2,4,Simulated,00475,1,16996,2025,16996,1201,2292,8263,1624,3616
2,4,Simulated,00476,1,3234,2025,3234,217,449,1644,204,720
2,4,Simulated,00477,1,7922,2025,7922,578,1117,3092,729,2406
2,4,Simulated,00480,1,2862,2025,2862,182,324,1421,251,685
2,4,Simulated,00481,1,4614,2025,4614,240,525,2311,409,1129
2,4,Simulated,00482,1,2598,2025,2598,234,323,1188,269,584
2,4,Simulated,00483,1,2355,2025,2355,181,343,930,281,620
2,4,Simulated,00484,1,2625,2025,2625,150,317,1331,175,652
2,4,Simulated,00485,1,2394,2025,2394,209,292,994,148,750
2,4,Simulated,00486,1,2019,2025,2019,205,238,927,184,465
2,4,Simulated,00487,1,2447,2025,2447,197,346,1011,156,736
2,4,Simulated,00488,1,3638,2025,3638,250,468,1443,462,1015
2,4,Simulated,00490,1,14634,2025,14634,1021,1767,6070,1164,4612
2,4,Simulated,00491,1,35066,2025,35066,2419,4768,12190,1889,13801
2,4,Simulated,00492,1,185,2025,185,17,25,67,10,66
2,4,Simulated,00493,1,92,2025,92,4,4,75,6,4
2,4,Simulated,00495,1,19297,2025,19297,1201,3012,9328,1394,4362
2,4,Simulated,00496,1,24365,2025,24365,2020,3933,9879,2424,6108
2,4,Simulated,00497,1,13190,2025,13190,1125,2449,5310,904,3402
2,4,Simulated,00498,1,1415,2025,1415,113,297,496,106,403
2,5,Simulated,00501,1,55470,2025,55470,4199,8702,24554,3978,14038
2,5,Simulated,00502,1,47497,2025,47497,3655,7325,20190,4078,12249
2,5,Simulated,00503,1,5109,2025,5109,391,910,2044,353,1411
2,5,Simulated,00504,1,34044,2025,34044,3153,5421,14580,3313,7576
2,5,Simulated,00505,1,16499,2025,16499,915,2451,7838,1213,4083
2,5,Simulated,00508,1,19672,2025,19672,1985,2832,8616,1456,4783
2,5,Simulated,00509,1,11428,2025,11428,570,1619,5827,959,2453
2,5,Simulated,00511,1,7072,2025,7072,707,1115,2184,446,2621
2,5,Simulated,00512,1,20479,2025,20479,1349,2923,7926,1050,7232
2,5,Simulated,00513,1,39215,2025,39215,2792,5310,15106,2624,13383
2,5,Simulated,00516,1,2607,2025,2607,199,313,1301,223,572
2,5,Simulated,00517,1,3313,2025,3313,245,451,1468,358,792
2,5,Simulated,00518,1,5500,2025,5500,331,453,3131,347,1238
2,5,Simulated,00519,1,7110,2025,7110,507,819,3574,628,1582
2,5,Simulated,00520,1,10060,2025,10060,718,1330,4074,1365,2574
2,5,Simulated,00521,1,3503,2025,3503,211,448,1604,284,956
2,5,Simulated,00524,1,10432,2025,10432,906,1554,4077,745,3150
2,5,Simulated,00528,1,298,2025,298,28,39,118,15,97
2,5,Simulated,00530,1,81170,2025,81170,7162,12481,35317,4340,21870
2,5,Simulated,00533,1,5643,2025,5643,445,934,2084,676,1503
2,5,Simulated,00534,1,38111,2025,38111,3538,6855,14633,3427,9657
2,5,Simulated,00535,1,50410,2025,50410,3570,9449,19982,3029,14379
2,5,Simulated,00536,1,57952,2025,57952,6691,9751,21032,4060,16419
2,5,Simulated,00538,1,20293,2025,20293,2132,3736,7766,1253,5405
2,5,Simulated,00539,1,76,2025,76,6,2,64,1,4
2,5,Simulated,00540,1,97,2025,97,6,21,53,5,12
2,5,Simulated,00541,1,50,2025,50,3,9,25,5,7
2,5,Simulated,00542,1,58,2025,58,3,9,34,6,5
2,5,Simulated,00543,1,279,2025,279,32,54,116,17,60
2,5,Simulated,00544,1,43,2025,43,6,7,26,1,3
2,5,Simulated,00545,1,98,2025,98,7,16,49,7,18
2,5,Simulated,00547,1,10935,2025,10935,1234,1916,3884,526,3375
2,5,Simulated,00548,1,1385,2025,1385,144,217,469,71,484
2,5,Simulated,00549,1,9848,2025,9848,1371,1622,3604,537,2714
2,5,Simulated,00550,1,96,2025,96,6,10,34,8,38
2,5,Simulated,00551,1,2695,2025,2695,257,409,1177,109,742
2,5,Simulated,00552,1,3118,2025,3118,370,469,1025,254,1000
2,5,Simulated,00553,1,321,2025,321,23,55,111,15,117
2,5,Simulated,00554,1,20109,2025,20109,2258,3733,8339,1349,4430
2,5,Simulated,00556,1,64,2025,64,10,12,32,4,6
2,5,Simulated,00557,1,81,2025,81,11,11,43,4,11
2,5,Simulated,00558,1,68,2025,68,2,10,33,7,16
2,5,Simulated,00559,1,669,2025,669,79,120,237,62,171
2,5,Simulated,00561,1,1622,2025,1622,165,289,705,61,402
2,5,Simulated,00562,1,3168,2025,3168,415,641,1224,223,665
2,5,Simulated,00563,1,1625,2025,1625,225,324,672,63,341
2,5,Simulated,00564,1,1099,2025,1099,97,158,600,90,153
2,5,Simulated,00565,1,186,2025,186,12,43,89,17,25
2,5,Simulated,00566,1,1862,2025,1862,239,362,827,77,356
2,5,Simulated,00567,1,66,2025,66,11,18,29,4,3
2,5,Simulated,00568,1,13796,2025,13796,1508,2125,5731,1223,3209
2,5,Simulated,00569,1,52,2025,52,10,6,26,2,7
2,5,Simulated,00570,1,74,2025,74,9,12,41,8,5
2,5,Simulated,00572,1,1522,2025,1522,205,292,591,151,282
2,5,Simulated,00574,1,20722,2025,20722,2362,3931,8804,1462,4163
2,5,Simulated,00575,1,7399,2025,7399,1009,1317,2851,527,1696
2,5,Simulated,00576,1,237,2025,237,27,55,97,14,43
2,5,Simulated,00577,1,494,2025,494,29,83,267,45,70
2,5,Simulated,00578,1,1232,2025,1232,145,302,534,79,171
2,5,Simulated,00579,1,445,2025,445,53,88,175,30,98
2,5,Simulated,00580,1,204,2025,204,16,30,111,17,29
2,5,Simulated,00581,1,388,2025,388,51,77,172,26,62
2,5,Simulated,00583,1,68521,2025,68521,5681,9567,24290,3237,25747
2,5,Simulated,00584,1,16332,2025,16332,1251,2675,7381,1494,3530
2,5,Simulated,00585,1,11149,2025,11149,755,1965,4420,862,3147
2,5,Simulated,00586,1,33795,2025,33795,1743,4353,18220,2143,7337
2,5,Simulated,00587,1,96377,2025,96377,5351,13699,37364,9716,30247
2,5,Simulated,00588,1,10384,2025,10384,582,1706,3843,1326,2927
2,5,Simulated,00589,1,23018,2025,23018,2761,3608,8689,1315,6645
2,5,Simulated,00590,1,40332,2025,40332,1930,6636,17129,3577,11060
2,5,Simulated,00591,1,18977,2025,18977,938,2579,9500,2095,3865
2,5,Simulated,00592,1,7183,2025,7183,634,1162,2947,648,1793
2,5,Simulated,00593,1,24652,2025,24652,1309,3836,8825,2104,8578
2,5,Simulated,00596,1,63323,2025,63323,6041,11428,21926,6964,16965
2,5,Simulated,00597,1,784,2025,784,72,173,367,48,124
2,5,Simulated,00598,1,4615,2025,4615,274,671,1867,413,1389
2,5,Simulated,00599,1,7715,2025,7715,681,1374,2739,518,2404
2,6,Simulated,00600,1,2521,2025,2521,310,452,960,197,603
2,6,Simulated,00601,1,913,2025,913,77,153,396,47,240
2,6,Simulated,00602,1,6231,2025,6231,497,1113,2843,314,1464
2,6,Simulated,00603,1,2154,2025,2154,130,312,1046,114,552
2,6,Simulated,00604,1,2973,2025,2973,376,563,1094,171,769
2,6,Simulated,00605,1,847,2025,847,87,95,492,32,142
2,6,Simulated,00606,1,9602,2025,9602,1182,1515,4551,404,1949
2,6,Simulated,00607,1,94,2025,94,8,15,40,5,26
2,6,Simulated,00608,1,198,2025,198,19,42,98,14,25
2,6,Simulated,00609,1,370,2025,370,58,76,126,38,72
2,6,Simulated,00610,1,44,2025,44,4,6,30,1,3
2,6,Simulated,00611,1,111,2025,111,15,17,44,7,28
2,6,Simulated,00612,1,252,2025,252,35,39,104,14,60
2,6,Simulated,00613,1,10002,2025,10002,835,1740,4504,593,2331
2,6,Simulated,00615,1,9717,2025,9717,961,1672,3883,760,2440
2,6,Simulated,00616,1,539,2025,539,57,125,210,41,107
2,6,Simulated,00617,1,112,2025,112,16,27,40,14,15
2,6,Simulated,00619,1,8563,2025,8563,858,1405,3521,392,2386
2,6,Simulated,00620,1,3840,2025,3840,356,735,1429,150,1170
2,6,Simulated,00621,1,112,2025,112,10,27,47,14,15
2,6,Simulated,00622,1,1906,2025,1906,170,326,794,82,534
2,6,Simulated,00624,1,55492,2025,55492,5376,8165,18552,4470,18928
2,6,Simulated,00626,1,43183,2025,43183,2645,7840,16022,4963,11713
2,6,Simulated,00627,1,24470,2025,24470,2029,3652,10951,2185,5654
2,6,Simulated,00628,1,53495,2025,53495,3449,9655,24295,5129,10966
2,6,Simulated,00629,1,37104,2025,37104,2708,5229,13460,2700,13006
2,6,Simulated,0062A,1,118,2025,118,13,25,55,10,14
2,6,Simulated,0062B,1,109,2025,109,14,22,43,11,19
2,6,Simulated,00630,1,30102,2025,30102,2799,5151,12601,2450,7100
2,6,Simulated,00631,1,41834,2025,41834,2942,6525,17866,3086,11415
2,6,Simulated,00632,1,13262,2025,13262,763,2412,5112,1248,3727
2,6,Simulated,00633,1,81635,2025,81635,6023,12860,37452,4983,20316
2,6,Simulated,00634,1,26114,2025,26114,1361,4352,9471,2311,8619
2,6,Simulated,00635,1,117960,2025,117960,8613,15484,39674,8075,46115
2,6,Simulated,00638,1,25674,2025,25674,2429,4712,10644,1359,6531
2,6,Simulated,00639,1,7338,2025,7338,707,1364,2580,417,2270
2,6,Simulated,00640,1,7543,2025,7543,557,1624,2690,487,2185
2,6,Simulated,00641,1,3035,2025,3035,199,561,1147,219,909
2,6,Simulated,00642,1,10322,2025,10322,1141,2073,3878,494,2736
2,6,Simulated,00643,1,2659,2025,2659,292,472,795,217,883
2,6,Simulated,00644,1,1045,2025,1045,94,174,484,89,204
2,6,Simulated,00645,1,133,2025,133,10,25,55,10,32
2,6,Simulated,00646,1,323,2025,323,37,61,138,14,73
2,6,Simulated,00647,1,130,2025,130,10,28,53,11,28
2,6,Simulated,00648,1,191,2025,191,21,36,68,7,58
2,6,Simulated,00652,1,74159,2025,74159,6288,11684,29735,4322,22131
2,6,Simulated,00653,1,63492,2025,63492,5259,9087,24060,3144,21942
2,6,Simulated,00654,1,45230,2025,45230,4812,6410,16220,2666,15122
2,6,Simulated,00655,1,65934,2025,65934,4818,10385,25877,5711,19143
2,6,Simulated,00656,1,23769,2025,23769,2643,3879,10100,2934,4213
2,6,Simulated,00657,1,318,2025,318,35,48,174,20,40
2,6,Simulated,00658,1,153,2025,153,9,23,70,12,39
2,6,Simulated,00659,1,49,2025,49,4,4,29,6,6
2,6,Simulated,00660,1,204,2025,204,18,48,90,13,35
2,6,Simulated,00661,1,740,2025,740,91,127,292,35,194
2,6,Simulated,00663,1,65816,2025,65816,3137,8842,33163,3009,17665
2,6,Simulated,00664,1,27404,2025,27404,2031,4710,10633,2307,7723
2,6,Simulated,00665,1,104608,2025,104608,9417,16677,37848,9827,30840
2,6,Simulated,00666,1,68431,2025,68431,5250,10067,25284,4988,22842
2,6,Simulated,00667,1,51877,2025,51877,2926,9034,19403,5054,15461
2,6,Simulated,00668,1,55027,2025,55027,3517,10042,22520,3229,15718
2,6,Simulated,00669,1,28711,2025,28711,2087,4905,12195,3032,6492
2,6,Simulated,00670,1,11322,2025,11322,697,1883,5268,1109,2366
2,6,Simulated,00671,1,47897,2025,47897,3911,7856,19831,2512,13787
2,6,Simulated,00672,1,41584,2025,41584,3404,6671,18738,2684,10087
2,6,Simulated,00673,1,53876,2025,53876,2829,7973,21269,4658,17146
2,6,Simulated,00675,1,11877,2025,11877,1093,2453,4631,775,2925
2,6,Simulated,00676,1,190,2025,190,19,35,82,16,37
2,6,Simulated,00677,1,134,2025,134,19,27,58,5,24
2,6,Simulated,00678,1,193,2025,193,23,44,91,13,23
2,6,Simulated,00679,1,85,2025,85,17,9,41,11,7
2,6,Simulated,00680,1,102,2025,102,12,21,47,9,14
2,6,Simulated,00681,1,569,2025,569,49,121,257,14,129
2,6,Simulated,00682,1,77,2025,77,9,23,35,3,8
2,6,Simulated,00683,1,519,2025,519,86,92,169,27,145
2,6,Simulated,00686,1,64865,2025,64865,8585,12587,27303,4714,11676
2,6,Simulated,00687,1,2368,2025,2368,339,401,978,148,501
2,6,Simulated,00688,1,424,2025,424,47,80,238,26,33
2,6,Simulated,00691,1,2420,2025,2420,334,525,1016,187,358
2,6,Simulated,00692,1,727,2025,727,127,108,319,68,104
2,6,Simulated,00696,1,37266,2025,37266,3453,7881,15382,1843,8707
2,6,Simulated,00697,1,138,2025,138,8,42,67,9,11
2,6,Simulated,00698,1,676,2025,676,56,143,234,48,194
2,6,Simulated,00699,1,814,2025,814,94,185,312,70,154
2,7,Simulated,00700,1,490,2025,490,69,92,205,47,78
2,7,Simulated,00701,1,517,2025,517,46,104,203,45,120
2,7,Simulated,00703,1,1365,2025,1365,171,212,693,65,224
2,7,Simulated,00704,1,65,2025,65,8,22,24,1,11
2,7,Simulated,00705,1,53,2025,53,12,13,18,2,7
2,7,Simulated,00706,1,2147,2025,2147,228,459,944,103,413
2,7,Simulated,00707,1,280,2025,280,26,72,119,18,46
2,7,Simulated,00708,1,40,2025,40,4,12,17,1,6
2,7,Simulated,00709,1,274,2025,274,25,58,116,23,53
2,7,Simulated,00711,1,11270,2025,11270,863,2218,4856,836,2496
2,7,Simulated,00712,1,249,2025,249,29,48,105,15,53
2,7,Simulated,00714,1,1123,2025,1123,117,216,456,53,281
2,7,Simulated,00715,1,3670,2025,3670,403,873,1281,230,883
2,7,Simulated,00716,1,2548,2025,2548,274,587,1021,152,514
2,7,Simulated,00717,1,3639,2025,3639,467,707,1064,367,1034
2,7,Simulated,00718,1,602,2025,602,29,109,183,102,180
2,7,Simulated,00719,1,3194,2025,3194,291,687,1105,353,758
2,7,Simulated,00720,1,133,2025,133,15,22,73,12,10
2,7,Simulated,00723,1,318,2025,318,33,60,157,21,47
2,7,Simulated,00725,1,515,2025,515,44,88,248,63,72
2,7,Simulated,00729,1,17202,2025,17202,1472,3017,6905,1335,4473
2,7,Simulated,00730,1,114,2025,114,6,21,55,7,26
2,7,Simulated,00731,1,2162,2025,2162,182,427,956,121,475
2,7,Simulated,00732,1,4869,2025,4869,439,1232,2107,293,798
2,7,Simulated,00733,1,1294,2025,1294,153,346,466,123,205
2,7,Simulated,00734,1,33691,2025,33691,2832,4764,14157,1377,10560
2,7,Simulated,00735,1,255,2025,255,14,45,70,21,106
2,7,Simulated,00736,1,242,2025,242,33,39,101,17,52
2,7,Simulated,00738,1,1319,2025,1319,142,216,531,52,379
2,7,Simulated,00739,1,1934,2025,1934,149,324,891,75,496
2,7,Simulated,00740,1,404,2025,404,22,71,159,37,115
2,7,Simulated,00741,1,1743,2025,1743,121,308,817,100,397
2,7,Simulated,00742,1,8008,2025,8008,867,1259,3538,314,2030
2,7,Simulated,00743,1,6575,2025,6575,964,1143,2455,316,1698
2,7,Simulated,00744,1,5665,2025,5665,926,785,2375,231,1348
2,7,Simulated,00745,1,134,2025,134,16,14,58,10,35
2,7,Simulated,00746,1,7998,2025,7998,1126,1091,3147,460,2174
2,7,Simulated,00747,1,172,2025,172,18,40,75,10,29
2,7,Simulated,00748,1,17211,2025,17211,1450,3367,8562,927,2904
2,7,Simulated,00749,1,1219,2025,1219,118,312,460,105,225
2,7,Simulated,00750,1,63,2025,63,6,17,30,7,3
2,7,Simulated,00751,1,1330,2025,1330,163,309,525,106,227
2,7,Simulated,00752,1,208,2025,208,22,33,76,18,59
2,7,Simulated,00753,1,914,2025,914,58,176,418,49,213
2,7,Simulated,00754,1,457,2025,457,47,113,192,32,73
2,7,Simulated,00755,1,950,2025,950,68,205,471,60,146
2,7,Simulated,00756,1,792,2025,792,76,190,308,64,155
2,7,Simulated,00757,1,14,2025,14,0,7,5,1,1
2,7,Simulated,00758,1,554,2025,554,47,127,248,29,102
2,7,Simulated,00759,1,944,2025,944,117,200,377,51,198
2,7,Simulated,00765,1,4404,2025,4404,514,713,1610,254,1312
2,7,Simulated,00766,1,192,2025,192,23,25,99,11,35
2,7,Simulated,00768,1,28295,2025,28295,2622,5086,9449,2671,8468
2,7,Simulated,00769,1,8317,2025,8317,622,1458,3638,683,1916
2,7,Simulated,00770,1,8324,2025,8324,784,1047,3854,445,2194
2,7,Simulated,00771,1,15394,2025,15394,1533,2395,4838,1474,5153
2,7,Simulated,00772,1,23954,2025,23954,2632,3839,8282,1559,7643
2,7,Simulated,00773,1,32670,2025,32670,3250,6356,12412,2293,8359
2,7,Simulated,00774,1,53962,2025,53962,5020,10873,19993,4942,13134
2,7,Simulated,00775,1,15449,2025,15449,1176,3057,5450,1123,4644
2,7,Simulated,00776,1,4195,2025,4195,396,1091,1786,288,633
2,7,Simulated,00777,1,932,2025,932,106,191,360,124,152
2,7,Simulated,00778,1,5591,2025,5591,727,1132,2184,561,987
2,7,Simulated,00779,1,492,2025,492,66,110,256,18,41
2,7,Simulated,00780,1,1808,2025,1808,289,350,793,120,255
2,7,Simulated,00781,1,147,2025,147,15,29,84,11,9
2,7,Simulated,00782,1,713,2025,713,90,176,311,37,99
2,7,Simulated,00783,1,18900,2025,18900,987,3178,8799,1311,4625
2,7,Simulated,00784,1,30769,2025,30769,2125,4553,14839,1536,7716
2,7,Simulated,00785,1,52434,2025,52434,5691,7721,21536,4606,12881
2,7,Simulated,00786,1,18667,2025,18667,1524,2786,7214,927,6216
2,7,Simulated,00787,1,16449,2025,16449,1091,2728,6561,955,5114
2,7,Simulated,00788,1,46721,2025,46721,4030,5090,14557,2630,20414
2,7,Simulated,00789,1,46409,2025,46409,2560,6977,14645,5349,16877
2,7,Simulated,00790,1,25606,2025,25606,2846,4533,8316,1847,8064
2,7,Simulated,00791,1,19570,2025,19570,1382,3526,7785,1096,5782
2,7,Simulated,00792,1,21463,2025,21463,1597,3394,7680,1932,6861
2,7,Simulated,00797,1,16037,2025,16037,2131,2187,5963,1029,4728
2,7,Simulated,00798,1,11092,2025,11092,1042,1883,4969,516,2682
2,8,Simulated,00800,1,1645,2025,1645,195,311,624,58,456
2,8,Simulated,00801,1,71,2025,71,6,12,35,6,12
2,8,Simulated,00803,1,4343,2025,4343,504,841,1557,283,1158
2,8,Simulated,00804,1,612,2025,612,55,72,357,34,93
2,8,Simulated,00806,1,13901,2025,13901,1916,2020,5232,582,4152
2,8,Simulated,00807,1,25,2025,25,6,3,8,3,4
2,8,Simulated,00808,1,40,2025,40,2,1,26,7,3
2,8,Simulated,00810,1,39,2025,39,3,4,22,3,7
2,8,Simulated,00811,1,111,2025,111,12,12,45,6,35
2,8,Simulated,00812,1,30,2025,30,2,3,17,4,4
2,8,Simulated,00813,1,127,2025,127,8,22,66,15,16
2,8,Simulated,00815,1,12803,2025,12803,2188,1983,5288,442,2903
2,8,Simulated,00816,1,430,2025,430,82,83,155,35,75
2,8,Simulated,00817,1,1456,2025,1456,232,218,484,88,434
2,8,Simulated,00818,1,46,2025,46,9,8,15,5,9
2,8,Simulated,00819,1,206,2025,206,21,38,97,15,34
2,8,Simulated,00820,1,1097,2025,1097,183,156,434,52,272
2,8,Simulated,00823,1,21559,2025,21559,2744,3810,8989,1899,4117
2,8,Simulated,00824,1,64,2025,64,2,7,30,10,14
2,8,Simulated,00825,1,84,2025,84,8,18,44,9,5
2,8,Simulated,00826,1,162,2025,162,31,34,59,11,28
2,8,Simulated,00827,1,814,2025,814,77,184,393,31,129
2,8,Simulated,00828,1,75,2025,75,9,19,33,5,9
2,8,Simulated,00829,1,39,2025,39,8,7,17,3,4
2,8,Simulated,00830,1,1078,2025,1078,111,147,642,77,102
2,8,Simulated,00832,1,8610,2025,8610,1046,1484,3291,767,2022
2,8,Simulated,00833,1,247,2025,247,28,47,108,16,48
2,8,Simulated,00834,1,190,2025,190,24,31,92,12,31
2,8,Simulated,00835,1,167,2025,167,21,26,87,7,27
2,8,Simulated,00836,1,311,2025,311,34,42,128,27,81
2,8,Simulated,00839,1,2294,2025,2294,280,358,1065,97,494
2,8,Simulated,00840,1,14687,2025,14687,1720,2979,6625,950,2413
2,8,Simulated,00841,1,498,2025,498,79,88,192,28,111
2,8,Simulated,00842,1,884,2025,884,141,221,369,65,87
2,8,Simulated,00843,1,492,2025,492,95,72,251,26,48
2,8,Simulated,00844,1,179,2025,179,19,43,79,12,26
2,8,Simulated,00846,1,24302,2025,24302,3455,4888,9959,1387,4613
2,8,Simulated,00847,1,378,2025,378,48,67,166,31,65
2,8,Simulated,00848,1,96,2025,96,16,21,48,1,11
2,8,Simulated,00849,1,1071,2025,1071,153,175,462,83,198
2,8,Simulated,00850,1,417,2025,417,33,72,187,35,89
2,8,Simulated,00851,1,69,2025,69,5,16,32,5,11
2,8,Simulated,00852,1,170,2025,170,21,29,98,8,15
2,8,Simulated,00854,1,25924,2025,25924,3451,5166,9090,1572,6645
2,8,Simulated,00855,1,1586,2025,1586,214,329,661,73,309
2,8,Simulated,00856,1,877,2025,877,94,169,315,59,239
2,8,Simulated,00857,1,839,2025,839,101,196,331,52,158
2,8,Simulated,00858,1,184,2025,184,11,39,61,12,60
2,8,Simulated,00860,1,12270,2025,12270,1518,2487,4533,594,3139
2,8,Simulated,00861,1,498,2025,498,46,110,196,34,112
2,8,Simulated,00863,1,1237,2025,1237,139,280,451,110,257
2,8,Simulated,00864,1,920,2025,920,87,135,333,87,277
2,8,Simulated,00866,1,16973,2025,16973,1406,3350,7324,914,3980
2,8,Simulated,00867,1,1087,2025,1087,91,185,435,84,292
2,8,Simulated,00869,1,665,2025,665,50,132,253,52,177
2,8,Simulated,00870,1,1248,2025,1248,112,240,447,98,350
2,8,Simulated,00871,1,8030,2025,8030,947,1462,3604,689,1327
2,8,Simulated,00872,1,16838,2025,16838,732,1963,9968,1390,2784
2,8,Simulated,00873,1,3464,2025,3464,207,654,1343,446,815
2,8,Simulated,00874,1,2689,2025,2689,215,432,1150,148,744
2,8,Simulated,00875,1,1683,2025,1683,124,317,677,203,362
2,8,Simulated,00876,1,2640,2025,2640,228,444,942,183,842
2,8,Simulated,00877,1,19267,2025,19267,1647,3340,6657,1454,6169
2,8,Simulated,00878,1,22114,2025,22114,1688,3423,8236,1423,7344
2,8,Simulated,00879,1,20290,2025,20290,2081,3467,6930,1785,6028
2,8,Simulated,00880,1,15583,2025,15583,976,3016,7357,960,3273
2,8,Simulated,00882,1,1147,2025,1147,121,90,575,54,307
2,8,Simulated,00887,1,14934,2025,14934,900,2404,8568,830,2232
2,8,Simulated,00888,1,15812,2025,15812,1031,3049,7795,1390,2547
2,8,Simulated,00889,1,31046,2025,31046,1805,5630,14637,1959,7015
2,8,Simulated,00890,1,4206,2025,4206,415,764,1974,342,712
2,8,Simulated,00891,1,59715,2025,59715,3757,11018,31538,3859,9543
2,8,Simulated,00892,1,59738,2025,59738,4442,10054,23624,5645,15973
2,8,Simulated,00893,1,41346,2025,41346,3292,6682,20024,3068,8280
2,8,Simulated,00894,1,4780,2025,4780,309,846,2852,287,486
2,8,Simulated,00895,1,17992,2025,17992,980,3183,10139,1933,1756
2,9,Simulated,00901,1,32152,2025,32152,2851,6036,14002,2678,6584
2,9,Simulated,00902,1,7613,2025,7613,608,1589,2941,417,2058
2,9,Simulated,00903,1,7485,2025,7485,796,1439,3054,369,1828
2,9,Simulated,00904,1,28237,2025,28237,3471,5345,10472,2201,6748
2,9,Simulated,00905,1,13002,2025,13002,1666,1801,4801,1383,3351
2,9,Simulated,00906,1,2390,2025,2390,261,445,1061,104,519
2,9,Simulated,00907,1,1439,2025,1439,212,301,429,83,415
2,9,Simulated,00908,1,1103,2025,1103,150,250,387,60,256
2,9,Simulated,00909,1,405,2025,405,60,92,141,47,65
2,9,Simulated,00910,1,1938,2025,1938,278,407,789,123,341
2,9,Simulated,00911,1,4844,2025,4844,429,1013,1674,467,1261
2,9,Simulated,00913,1,45540,2025,45540,6961,9247,15452,2941,10940
2,9,Simulated,00914,1,2286,2025,2286,264,424,722,210,667
2,9,Simulated,00915,1,2740,2025,2740,310,617,957,207,649
2,9,Simulated,00917,1,3252,2025,3252,350,552,972,233,1146
2,9,Simulated,00918,1,155,2025,155,16,30,73,21,15
2,9,Simulated,00919,1,84,2025,84,11,15,34,8,15
2,9,Simulated,00920,1,579,2025,579,69,110,213,33,155
2,9,Simulated,00922,1,2809,2025,2809,253,548,1016,193,799
2,9,Simulated,00924,1,28426,2025,28426,2749,4776,9857,1778,9266
2,9,Simulated,00925,1,40550,2025,40550,2610,5679,14379,3284,14599
2,9,Simulated,00926,1,3837,2025,3837,234,628,1266,134,1573
2,9,Simulated,00927,1,46,2025,46,6,8,18,3,12
2,9,Simulated,00929,1,9236,2025,9236,872,1669,3401,427,2868
2,9,Simulated,00930,1,60,2025,60,3,18,26,3,9
2,9,Simulated,00931,1,629,2025,629,48,118,244,33,185
2,9,Simulated,00934,1,272,2025,272,16,77,123,24,32
2,9,Simulated,00937,1,1981,2025,1981,167,333,910,122,449
2,9,Simulated,00938,1,218,2025,218,4,36,111,20,47
2,9,Simulated,00939,1,123,2025,123,11,22,62,9,20
2,9,Simulated,00940,1,891,2025,891,107,204,328,80,173
2,9,Simulated,00944,1,6931,2025,6931,838,992,2879,534,1688
2,9,Simulated,00945,1,56,2025,56,6,7,23,6,13
2,9,Simulated,00946,1,32,2025,32,4,5,12,4,7
2,9,Simulated,00947,1,158,2025,158,19,30,78,12,19
2,9,Simulated,00948,1,46,2025,46,3,10,22,6,6
2,9,Simulated,00949,1,257,2025,257,39,33,102,13,70
2,9,Simulated,00951,1,2648,2025,2648,288,382,1105,139,734
2,9,Simulated,00953,1,9650,2025,9650,763,1772,4498,398,2219
2,9,Simulated,00954,1,596,2025,596,54,105,295,43,99
2,9,Simulated,00955,1,1747,2025,1747,140,312,698,166,430
2,9,Simulated,00956,1,325,2025,325,24,60,159,39,43
2,9,Simulated,00957,1,38638,2025,38638,4522,6715,18844,1826,6731
2,9,Simulated,00958,1,952,2025,952,138,156,384,70,205
2,9,Simulated,00960,1,19,2025,19,1,4,10,3,1
2,9,Simulated,00961,1,4436,2025,4436,545,907,1921,342,721
2,9,Simulated,00964,1,52958,2025,52958,5078,9191,22585,2539,13566
2,9,Simulated,00968,1,50,2025,50,8,8,25,5,4
2,9,Simulated,00969,1,613,2025,613,124,104,212,44,130
2,9,Simulated,00970,1,73,2025,73,7,14,24,4,23
2,9,Simulated,00972,1,2042,2025,2042,154,409,884,175,420
2,9,Simulated,00973,1,574,2025,574,60,91,222,30,170
2,9,Simulated,00975,1,1103,2025,1103,139,197,467,70,231
2,9,Simulated,00980,1,22887,2025,22887,2478,4118,8993,1495,5803
2,9,Simulated,00981,1,127,2025,127,9,18,65,10,25
2,9,Simulated,00982,1,90,2025,90,6,12,50,5,18
2,9,Simulated,00983,1,4412,2025,4412,543,923,1803,226,917
2,9,Simulated,00984,1,1956,2025,1956,202,409,812,187,347
2,9,Simulated,00985,1,406,2025,406,39,80,165,33,89
2,9,Simulated,00986,1,71,2025,71,6,4,53,2,5
2,9,Simulated,00988,1,648,2025,648,73,116,269,38,153
2,9,Simulated,00989,1,246,2025,246,29,37,88,27,64
2,9,Simulated,00990,1,237,2025,237,27,48,93,13,56
2,9,Simulated,00991,1,652,2025,652,83,136,228,53,152
2,9,Simulated,00993,1,19814,2025,19814,1517,3446,9220,1872,3761
2,9,Simulated,00994,1,15000,2025,15000,1013,2405,7886,1000,2696
2,9,Simulated,00995,1,20310,2025,20310,1211,2925,10683,1891,3600
2,9,Simulated,00996,1,15270,2025,15270,1529,2687,6935,982,3138
2,9,Simulated,00997,1,8634,2025,8634,621,1547,4234,830,1402
2,9,Simulated,00998,1,15825,2025,15825,1003,2626,7170,1672,3354
2,9,Simulated,00999,1,39803,2025,39803,2702,6455,18348,2166,10133
2,10,Simulated,01000,1,50583,2025,50583,3515,8977,23017,5135,9939
2,10,Simulated,01001,1,38341,2025,38341,3006,5890,20282,2232,6931
2,10,Simulated,01007,1,5558,2025,5558,907,981,2159,508,1003
2,10,Simulated,01008,1,1860,2025,1860,177,387,804,139,354
2,10,Simulated,01009,1,225,2025,225,34,58,98,17,19
2,10,Simulated,01010,1,5938,2025,5938,871,1339,2252,701,774
2,10,Simulated,01011,1,10889,2025,10889,1865,2646,4361,549,1468
2,10,Simulated,01013,1,20991,2025,20991,1926,3386,10089,1205,4385
2,10,Simulated,01014,1,27647,2025,27647,2657,4627,11015,1807,7541
2,10,Simulated,01015,1,7262,2025,7262,767,1367,2736,665,1727
2,10,Simulated,01016,1,3377,2025,3377,324,622,1354,156,921
2,10,Simulated,01017,1,23924,2025,23924,3170,3789,9737,1235,5994
2,10,Simulated,01018,1,10284,2025,10284,770,1762,3922,1168,2661
2,10,Simulated,01019,1,405,2025,405,49,76,140,32,108
2,10,Simulated,01020,1,58,2025,58,0,4,38,1,15
2,10,Simulated,01021,1,11127,2025,11127,901,1723,3639,777,4088
2,10,Simulated,0103A,1,317,2025,317,32,83,119,25,57
2,11,Simulated,0117A,1,67,2025,67,9,9,30,8,10
2,11,Simulated,0117B,1,437,2025,437,32,51,268,27,58
2,12,Simulated,0125A,1,33,2025,33,6,11,12,2,3
2,13,Simulated,0131A,1,66,2025,66,8,7,37,7,8
2,15,Simulated,0153A,1,231,2025,231,35,39,96,21,40
2,15,Simulated,0155A,1,20288,2025,20288,1557,3367,9486,2029,3849
2,15,Simulated,0156A,1,16930,2025,16930,1676,3226,6548,1101,4380
2,15,Simulated,0156B,1,10826,2025,10826,1341,1805,4178,816,2686
2,15,Simulated,0158A,1,7920,2025,7920,508,1286,1615,672,3838
2,15,Simulated,0158B,1,5156,2025,5156,324,950,1676,324,1882
2,16,Simulated,0164A,1,37,2025,37,4,5,17,4,7
2,16,Simulated,0165A,1,90,2025,90,10,19,34,7,19
2,16,Simulated,0165B,1,474,2025,474,35,82,182,33,141
2,16,Simulated,0166A,1,163,2025,163,29,39,58,12,25
2,16,Simulated,0167A,1,254,2025,254,24,50,119,8,54
2,19,Simulated,0196A,1,67,2025,67,9,13,22,6,17
2,20,Simulated,0207L,1,6083,2025,6083,880,1226,2121,373,1484
2,23,Simulated,0230A,1,74,2025,74,10,14,32,4,14
2,23,Simulated,0231A,1,260,2025,260,40,50,91,14,65
2,23,Simulated,0236A,1,24,2025,24,3,6,10,3,3
2,23,Simulated,0237A,1,69,2025,69,6,19,32,3,9
2,24,Simulated,0248A,1,668,2025,668,69,108,336,26,130
2,24,Simulated,0248B,1,153,2025,153,4,48,79,9,13
2,24,Simulated,0248C,1,15868,2025,15868,2005,4039,6387,1236,2201
2,24,Simulated,0248D,1,6937,2025,6937,740,1585,2929,602,1081
2,24,Simulated,0248E,1,12621,2025,12621,1308,3421,4950,724,2218
2,24,Simulated,0248F,1,1416,2025,1416,120,418,598,160,119
2,24,Simulated,0249A,1,1535,2025,1535,136,402,665,104,228
2,24,Simulated,0249B,1,262,2025,262,27,63,87,27,58
2,25,Simulated,0255A,1,42,2025,42,6,8,19,1,8
2,25,Simulated,0256A,1,232,2025,232,23,46,97,21,45
2,25,Simulated,0258A,1,1600,2025,1600,204,339,540,112,404
2,25,Simulated,0258B,1,1631,2025,1631,190,259,676,121,385
2,25,Simulated,0258C,1,110,2025,110,9,25,51,3,22
2,28,Simulated,0286A,1,35465,2025,35465,2080,5271,13767,2998,11349
2,28,Simulated,0287A,1,18384,2025,18384,1704,3348,5649,1525,6157
2,28,Simulated,0287B,1,6077,2025,6077,319,1183,2947,560,1067
2,28,Simulated,0287C,1,17578,2025,17578,1846,2703,6353,1214,5463
2,28,Simulated,0287D,1,22181,2025,22181,1505,4072,6871,1991,7743
2,28,Simulated,0288A,1,22615,2025,22615,1110,4022,10270,1489,5725
2,28,Simulated,0288B,1,36058,2025,36058,4403,5684,12556,2557,10858
2,29,Simulated,0290A,1,33429,2025,33429,3558,5647,9558,3891,10776
2,29,Simulated,0290B,1,23624,2025,23624,2482,4144,7371,1516,8111
2,29,Simulated,0291A,1,27163,2025,27163,2122,3936,11351,1240,8514
2,30,Simulated,0302A,1,51839,2025,51839,4772,6692,19319,1976,19079
2,30,Simulated,0302B,1,28479,2025,28479,2599,3887,9290,1171,11532
2,30,Simulated,0302C,1,37315,2025,37315,2840,5863,13046,2138,13428
2,30,Simulated,0302D,1,21159,2025,21159,1629,3242,6154,2230,7903
2,30,Simulated,0302E,1,57155,2025,57155,6739,8392,17321,3977,20726
2,30,Simulated,0302F,1,6641,2025,6641,701,1036,2121,448,2335
2,30,Simulated,0303A,1,11890,2025,11890,1084,1886,3838,692,4390
2,30,Simulated,0303B,1,37624,2025,37624,3537,5291,13666,2765,12365
2,30,Simulated,0304A,1,34795,2025,34795,3525,4742,14451,2188,9888
2,30,Simulated,0304B,1,14876,2025,14876,1718,2456,5356,693,4653
2,30,Simulated,0304C,1,3817,2025,3817,446,533,1392,209,1238
2,31,Simulated,0316A,1,241,2025,241,16,59,88,18,59
2,33,Simulated,0337A,1,9112,2025,9112,1088,1412,3874,421,2318
2,33,Simulated,0337B,1,23501,2025,23501,1571,3982,9943,2548,5458
2,33,Simulated,0337C,1,14035,2025,14035,1333,2356,5596,1613,3138
2,33,Simulated,0337D,1,16585,2025,16585,1582,2799,7519,1469,3216
2,33,Simulated,0337E,1,27666,2025,27666,2539,4671,10896,2988,6571
2,33,Simulated,0338A,1,1411,2025,1411,119,286,578,72,356
2,33,Simulated,0338B,1,480,2025,480,39,86,196,44,114
2,33,Simulated,0339A,1,13411,2025,13411,1030,2381,5774,1115,3110
2,33,Simulated,0339B,1,4451,2025,4451,342,889,1890,371,959
2,33,Simulated,0339C,1,623,2025,623,32,105,356,50,80
2,36,Simulated,0361A,1,159,2025,159,19,30,65,10,34
2,36,Simulated,0364A,1,20976,2025,20976,2208,3646,8871,2431,3820
2,36,Simulated,0364B,1,14555,2025,14555,1362,2632,5932,1303,3327
2,36,Simulated,0364C,1,14749,2025,14749,1343,2993,5906,1338,3169
2,36,Simulated,0364D,1,36991,2025,36991,3478,6511,12906,4947,9149
2,36,Simulated,0364E,1,25425,2025,25425,1812,4403,10632,1910,6668
2,36,Simulated,0365A,1,21438,2025,21438,2177,3540,8331,997,6393
2,36,Simulated,0365B,1,9113,2025,9113,1009,1639,2950,947,2568
2,36,Simulated,0365C,1,21104,2025,21104,1242,3825,8567,2109,5360
2,36,Simulated,0365D,1,16677,2025,16677,1274,3137,5658,1282,5326
2,36,Simulated,0365E,1,17395,2025,17395,1656,2713,6823,1182,5021
2,36,Simulated,0365F,1,16108,2025,16108,835,2847,7541,1464,3420
2,36,Simulated,0366A,1,58611,2025,58611,4815,9375,25731,5085,13606
2,36,Simulated,0368A,1,2897,2025,2897,197,541,1159,185,816
2,36,Simulated,0368B,1,5842,2025,5842,570,1053,2478,428,1313
2,36,Simulated,0368C,1,67,2025,67,11,13,26,4,14
2,37,Simulated,0370A,1,8105,2025,8105,656,1404,3006,601,2438
2,37,Simulated,0370B,1,1653,2025,1653,122,224,725,106,476
2,37,Simulated,0370C,1,1617,2025,1617,89,228,720,147,433
2,37,Simulated,0370D,1,1767,2025,1767,139,266,726,129,507
2,37,Simulated,0370E,1,8465,2025,8465,830,1148,3635,591,2261
2,37,Simulated,0370F,1,25148,2025,25148,2862,3645,9236,1305,8100
2,37,Simulated,0370G,1,14877,2025,14877,1591,2895,5207,728,4456
2,37,Simulated,0377A,1,62554,2025,62554,4919,8909,26631,4608,17487
2,39,Simulated,0394A,1,10743,2025,10743,766,1923,4837,1023,2194
2,39,Simulated,0397A,1,25387,2025,25387,2096,4154,9530,2693,6914
2,39,Simulated,0397B,1,40357,2025,40357,4091,6015,12982,2793,14477
2,39,Simulated,0397C,1,36468,2025,36468,4038,5544,12783,1807,12296
2,39,Simulated,0398A,1,108002,2025,108002,7817,14140,35767,12144,38135
2,39,Simulated,0398B,1,81768,2025,81768,7652,12056,26141,7596,28324
2,39,Simulated,0399A,1,35652,2025,35652,3160,5756,11818,1661,13257
2,39,Simulated,0399B,1,26121,2025,26121,2105,4765,8712,1311,9227
2,39,Simulated,0399C,1,1545,2025,1545,178,303,452,96,516
2,39,Simulated,0399D,1,26556,2025,26556,2056,4538,8813,1329,9820
2,39,Simulated,0399E,1,18893,2025,18893,1436,3443,6820,949,6244
2,39,Simulated,0399F,1,48511,2025,48511,4245,9164,15620,4518,14964
2,39,Simulated,0399G,1,18418,2025,18418,1801,2741,4730,1449,7697
2,40,Simulated,0401A,1,31753,2025,31753,2573,5643,14964,1999,6575
2,49,Simulated,0491A,1,12454,2025,12454,896,1722,3918,575,5344
2,49,Simulated,0496A,1,13529,2025,13529,1098,2110,5315,735,4271
2,49,Simulated,0496B,1,11531,2025,11531,1017,1775,4281,953,3505
2,49,Simulated,0496C,1,13152,2025,13152,815,2157,5188,903,4089
2,49,Simulated,0496D,1,15100,2025,15100,1307,2507,6260,819,4207
2,49,Simulated,0496E,1,4317,2025,4317,388,736,1396,320,1477
2,49,Simulated,0496F,1,216,2025,216,11,34,97,15,59
2,49,Simulated,0497A,1,1015,2025,1015,33,190,581,46,165
2,49,Simulated,0497B,1,9019,2025,9019,848,1640,3149,595,2786
2,49,Simulated,0497C,1,8624,2025,8624,863,1493,2978,987,2303
2,49,Simulated,0497D,1,10794,2025,10794,925,2040,4499,718,2612
2,49,Simulated,0497E,1,11733,2025,11733,728,2063,4522,1167,3253
2,49,Simulated,0497F,1,4816,2025,4816,442,871,2142,371,990
2,50,Simulated,0503A,1,8431,2025,8431,614,1363,3231,1096,2129
2,50,Simulated,0504A,1,27962,2025,27962,2414,4232,12479,1878,6960
2,50,Simulated,0505A,1,11741,2025,11741,1072,1792,4056,1277,3545
2,50,Simulated,0505B,1,4851,2025,4851,247,715,2135,317,1437
2,50,Simulated,0508A,1,16474,2025,16474,1632,2794,6099,1539,4410
2,50,Simulated,0508B,1,10697,2025,10697,892,1772,3890,738,3404
2,50,Simulated,0508C,1,11449,2025,11449,663,1974,4560,679,3572
2,50,Simulated,0508D,1,17304,2025,17304,887,2582,6931,1317,5587
2,50,Simulated,0508E,1,10526,2025,10526,703,2074,3532,1003,3213
2,50,Simulated,0508F,1,2834,2025,2834,156,592,1178,205,703
2,50,Simulated,0508G,1,826,2025,826,90,149,256,49,282
2,50,Simulated,0509A,1,8524,2025,8524,701,1778,3153,992,1900
2,51,Simulated,0513A,1,28702,2025,28702,3271,4357,10826,1391,8857
2,53,Simulated,0534A,1,65538,2025,65538,4543,11703,26013,3629,19649
2,53,Simulated,0535A,1,61762,2025,61762,6436,10095,23869,3231,18131
2,53,Simulated,0536A,1,9348,2025,9348,704,1900,4139,898,1706
2,54,Simulated,0548A,1,316,2025,316,21,45,132,19,99
2,56,Simulated,0567A,1,333,2025,333,40,78,157,16,42
2,56,Simulated,0568A,1,442,2025,442,51,38,268,25,61
2,57,Simulated,0576A,1,108,2025,108,11,23,54,7,12
2,58,Simulated,0583A,1,49074,2025,49074,4065,5542,15893,2687,20886
2,58,Simulated,0583B,1,32422,2025,32422,2095,4279,9119,3012,13916
2,58,Simulated,0583C,1,31949,2025,31949,1593,4299,12402,1390,12264
2,58,Simulated,0583D,1,28890,2025,28890,2495,4561,7911,1410,12514
2,58,Simulated,0583E,1,20142,2025,20142,1221,3264,6650,1753,7254
2,59,Simulated,0590A,1,48801,2025,48801,3052,7305,16013,3863,18568
2,59,Simulated,0593A,1,21040,2025,21040,982,3042,10254,1514,5248
2,61,Simulated,0613A,1,1298,2025,1298,63,161,734,56,285
2,61,Simulated,0613B,1,1250,2025,1250,83,150,459,153,405
2,61,Simulated,0617A,1,22,2025,22,3,4,13,1,1
2,62,Simulated,0622A,1,15010,2025,15010,1349,2475,6333,1021,3831
2,62,Simulated,0622B,1,2886,2025,2886,220,531,1158,246,731
2,62,Simulated,0624A,1,558,2025,558,50,96,214,41,158
2,62,Simulated,0626A,1,31788,2025,31788,2607,5799,9910,2823,10650
2,62,Simulated,0629A,1,62386,2025,62386,3472,8833,20608,7500,21973
2,62,Simulated,0629B,1,43123,2025,43123,3761,6593,11981,2124,18662
2,63,Simulated,0631A,1,58706,2025,58706,3595,7238,23027,2609,22237
2,63,Simulated,0631B,1,11312,2025,11312,899,1913,5087,706,2707
2,63,Simulated,0631C,1,36294,2025,36294,2801,4101,15430,2102,11860
2,63,Simulated,0631D,1,54234,2025,54234,5191,7090,19736,2454,19762
2,63,Simulated,0632A,1,13539,2025,13539,1170,2417,4357,864,4730
2,63,Simulated,0632B,1,3942,2025,3942,474,736,1310,325,1097
2,63,Simulated,0635A,1,122429,2025,122429,11370,14044,43526,8702,44787
2,63,Simulated,0635B,1,131781,2025,131781,9296,17876,49738,7345,47526
2,63,Simulated,0635C,1,60547,2025,60547,6411,8203,15396,6040,24497
2,63,Simulated,0635D,1,63075,2025,63075,5277,7434,22517,3817,24031
2,63,Simulated,0635E,1,52623,2025,52623,4245,6669,17631,2950,21128
2,63,Simulated,0635F,1,1278,2025,1278,140,222,466,55,395
2,65,Simulated,0652A,1,152376,2025,152376,12477,21462,59243,10047,49147
2,65,Simulated,0655A,1,78834,2025,78834,4828,11224,31583,3437,27762
2,66,Simulated,0663A,1,59285,2025,59285,4624,9490,20527,6618,18026
2,66,Simulated,0663B,1,63467,2025,63467,5521,10066,21940,4609,21332
2,66,Simulated,0663C,1,99646,2025,99646,6231,14035,37768,6742,34870
2,66,Simulated,0663D,1,44579,2025,44579,4416,5614,16106,1728,16715
2,66,Simulated,0664A,1,30658,2025,30658,3074,5050,11205,1444,9884
2,66,Simulated,0664B,1,29894,2025,29894,1851,4806,10178,1662,11398
2,66,Simulated,0666A,1,34641,2025,34641,3163,5770,11864,3308,10535
2,66,Simulated,0668A,1,46040,2025,46040,2509,6357,18630,4007,14536
2,66,Simulated,0668B,1,51977,2025,51977,4004,9211,17044,4353,17365
2,68,Simulated,0681A,1,180,2025,180,5,29,97,11,38
2,68,Simulated,0686A,1,15928,2025,15928,1892,3209,6536,1059,3232
2,70,Simulated,0705A,1,566,2025,566,64,121,194,56,130
2,71,Simulated,0711A,1,6827,2025,6827,684,1446,2558,577,1562
2,71,Simulated,0711B,1,10025,2025,10025,999,1971,3856,714,2485
2,71,Simulated,0711C,1,13890,2025,13890,1370,2971,5035,827,3687
2,71,Simulated,0711D,1,18538,2025,18538,1663,3775,6682,1410,5008
2,71,Simulated,0711E,1,14934,2025,14934,1324,3204,5409,969,4027
2,71,Simulated,0718A,1,34,2025,34,3,4,19,0,8
2,71,Simulated,0719A,1,24,2025,24,1,8,11,4,1
2,72,Simulated,0723A,1,116,2025,116,12,18,67,1,19
2,73,Simulated,0731A,1,835,2025,835,44,186,378,54,173
2,73,Simulated,0734A,1,140,2025,140,6,19,42,9,64
2,74,Simulated,0742B,1,103,2025,103,13,23,34,8,25
2,74,Simulated,0746A,1,579,2025,579,60,77,206,30,206
2,74,Simulated,0747A,1,276,2025,276,36,71,104,16,49
2,74,Simulated,0748A,1,18279,2025,18279,1750,3486,7821,1360,3862
2,74,Simulated,0748B,1,16784,2025,16784,1904,3390,6828,1852,2810
2,74,Simulated,0748C,1,16918,2025,16918,2268,3443,6140,1119,3949
2,74,Simulated,0748D,1,17547,2025,17547,1873,3654,7734,1169,3117
2,74,Simulated,0748E,1,109,2025,109,8,26,53,7,14
2,75,Simulated,0754A,1,909,2025,909,98,194,401,101,115
2,76,Simulated,0768A,1,22689,2025,22689,1568,4720,9049,1276,6075
2,76,Simulated,0768B,1,22579,2025,22579,1819,4231,9638,1041,5850
2,76,Simulated,0768C,1,26969,2025,26969,2269,4598,10580,1348,8175
2,76,Simulated,0769A,1,5719,2025,5719,304,991,2407,494,1523
2,77,Simulated,0770A,1,3209,2025,3209,182,780,1592,329,326
2,77,Simulated,0770B,1,4948,2025,4948,437,932,1842,267,1471
2,77,Simulated,0770C,1,7997,2025,7997,707,1386,3300,733,1872
2,77,Simulated,0770D,1,23852,2025,23852,2172,3618,6201,2492,9368
2,77,Simulated,0770E,1,5631,2025,5631,295,659,2722,243,1713
2,77,Simulated,0770F,1,19273,2025,19273,1882,2782,6334,719,7555
2,77,Simulated,0771A,1,5537,2025,5537,337,1110,2324,423,1342
2,77,Simulated,0771B,1,8429,2025,8429,734,1953,3234,678,1829
2,77,Simulated,0771C,1,26243,2025,26243,2151,4455,8856,2196,8585
2,77,Simulated,0771D,1,27558,2025,27558,1987,4768,9932,2287,8584
2,77,Simulated,0772A,1,20077,2025,20077,1971,4015,7432,1155,5503
2,77,Simulated,0772B,1,4322,2025,4322,500,809,1333,271,1409
2,77,Simulated,0773A,1,69683,2025,69683,6505,13361,24076,3517,22224
2,77,Simulated,0773B,1,23011,2025,23011,2105,3184,7415,1958,8350
2,77,Simulated,0777A,1,147,2025,147,13,32,66,14,21
2,78,Simulated,0783A,1,17064,2025,17064,1886,2282,6260,697,5939
2,78,Simulated,0785A,1,23897,2025,23897,1643,4124,9202,1494,7434
2,78,Simulated,0785B,1,48951,2025,48951,4587,6782,19290,2911,15380
2,78,Simulated,0786A,1,13589,2025,13589,694,2003,4450,1623,4818
2,78,Simulated,0787A,1,31825,2025,31825,1890,4510,15319,1841,8266
2,78,Simulated,0788A,1,69742,2025,69742,4721,9212,22353,3925,29532
2,78,Simulated,0788B,1,42569,2025,42569,2509,5558,16692,2909,14900
2,78,Simulated,0788C,1,40980,2025,40980,2055,4527,13709,3489,17200
2,78,Simulated,0789A,1,42457,2025,42457,3336,6447,13187,4011,15476
2,78,Simulated,0789B,1,20821,2025,20821,1452,3307,6596,2265,7201
2,78,Simulated,0789C,1,31140,2025,31140,1458,4278,14722,2735,7947
2,78,Simulated,0789D,1,23398,2025,23398,1754,3386,7291,1706,9261
2,78,Simulated,0789E,1,19994,2025,19994,1087,3571,6319,1769,7248
2,78,Simulated,0789F,1,15849,2025,15849,1509,2701,5373,806,5462
2,79,Simulated,0790A,1,12173,2025,12173,1051,2054,3797,879,4391
2,79,Simulated,0791A,1,25567,2025,25567,2117,4386,9432,1640,7992
2,79,Simulated,0791B,1,24193,2025,24193,2055,4031,9249,1192,7666
2,79,Simulated,0792A,1,14973,2025,14973,952,2832,5106,813,5270
2,79,Simulated,0792B,1,11331,2025,11331,1231,1917,3459,899,3825
2,79,Simulated,0792C,1,15207,2025,15207,1258,2465,4781,1525,5179
2,79,Simulated,0792D,1,15025,2025,15025,1269,2443,5338,897,5077
2,84,Simulated,0846A,1,219,2025,219,24,48,75,13,59
2,84,Simulated,0849A,1,419,2025,419,33,85,184,54,63
2,85,Simulated,0855A,1,49,2025,49,4,9,24,3,8
2,85,Simulated,0857A,1,22,2025,22,4,4,11,1,2
2,85,Simulated,0857B,1,111,2025,111,5,30,42,4,31
2,86,Simulated,0862A,1,275,2025,275,16,52,135,18,53
2,86,Simulated,0863A,1,546,2025,546,79,94,219,36,118
2,86,Simulated,0864A,1,366,2025,366,35,80,126,19,106
2,87,Simulated,0871A,1,62,2025,62,5,17,35,2,3
2,87,Simulated,0871B,1,88,2025,88,11,17,51,3,5
2,87,Simulated,0871C,1,83,2025,83,21,12,36,8,6
2,87,Simulated,0878A,1,20094,2025,20094,1625,2768,7622,809,7270
2,87,Simulated,0879A,1,22817,2025,22817,1548,3497,9744,1045,6982
2,88,Simulated,0880A,1,3192,2025,3192,260,471,967,340,1154
2,88,Simulated,0880B,1,3356,2025,3356,305,554,1163,330,1003
2,88,Simulated,0882A,1,1216,2025,1216,87,155,607,71,296
2,89,Simulated,0892A,1,30006,2025,30006,1970,5908,12702,2473,6952
2,90,Simulated,0901A,1,11287,2025,11287,1095,1940,4139,720,3393
2,90,Simulated,0901B,1,17986,2025,17986,1860,3841,6418,1104,4763
2,93,Simulated,0933A,1,8606,2025,8606,838,1798,3330,432,2207
2,93,Simulated,0933B,1,8671,2025,8671,938,1787,3519,559,1868
2,93,Simulated,0933C,1,6689,2025,6689,696,1284,2787,662,1260
2,93,Simulated,0933D,1,4284,2025,4284,501,819,1927,317,721
2,93,Simulated,0933E,1,5676,2025,5676,564,941,2210,460,1501
2,93,Simulated,0933F,1,7747,2025,7747,618,1627,3366,536,1600
2,93,Simulated,0933G,1,5168,2025,5168,590,927,1879,249,1523
2,93,Simulated,0933H,1,5009,2025,5009,615,1048,1698,279,1369
2,93,Simulated,0933I,1,10634,2025,10634,1064,2192,3750,556,3072
2,93,Simulated,0933J,1,5468,2025,5468,659,1063,2145,297,1304
2,93,Simulated,0933K,1,13852,2025,13852,1243,2473,5923,1460,2752
2,93,Simulated,0933L,1,26342,2025,26342,1610,4842,11890,3072,4927
2,93,Simulated,0933M,1,142,2025,142,20,36,47,15,24
2,95,Simulated,0955A,1,2849,2025,2849,267,529,1302,186,565
2,95,Simulated,0955B,1,930,2025,930,78,187,431,53,181
2,96,Simulated,0961A,1,47,2025,47,3,8,26,6,4
2,96,Simulated,0961D,1,147,2025,147,10,32,65,12,27
2,97,Simulated,0973A,1,2132,2025,2132,257,312,1007,175,380
2,97,Simulated,0975A,1,57,2025,57,10,13,23,2,9
2,97,Simulated,0975B,1,732,2025,732,79,154,258,72,169
2,99,Simulated,0993A,1,12173,2025,12173,773,1943,6855,1320,1281
2,100,Simulated,1000A,1,7984,2025,7984,613,1455,3502,685,1730
2,100,Simulated,1001A,1,11125,2025,11125,967,1795,5871,1236,1256
2,101,Simulated,1011A,1,3312,2025,3312,466,861,1136,352,497
